"id","template_id","template_name","report_product_name","report_name","sample_info","basic_info","product_desc","test_result_summary","important_targeted_gene_summary","cancer_risk_tip","total_risk_assessment","thyroid_cancer_hot_spot_result","hrd_state_score_tip","hrd_state_brac12_tip","hrd_state_tip","sarcoma_typing","sarcoma_typing1","endometrial_carcinoma_typing","iymphoma_typing","iymphoma_prognosis","brain_glioma","brain_glioma_1166","midline_cancer","kidney_cancer","thyroid_cancer_prognosis","variant_list","somatic_drug_tip","cr_drug_tip","somatic_mutation_tip","cr_mutation_tip","somatic_mutation_DR_tip","cr_mutation_DR_tip","approved_targeted_drug_FDA_NMPA","endocrine_therapy","TMB","MSI","MMR","Immunity_P_N","HPD","HLA_LON","HLA_LON_1","tumor_neoantigen","PD","approved_immunity_drug","hrr","cancer_risk_anal","hrd_state_anal","thyroid_iymphoma_drug_anal","variant_mutation_anal","somatic_mutation_anal","cr_mutation_anal","variant_anal","mrd","TMB_anal","MSI_anal","MMR_anal","Immunity_P_N_anal","HPD_anal","HLA_LOH_anal","tumor_neoantigen_anal","prognostic_anal","melanoma_prognosis","chemo_anal","WES","QC","tumor_gene_significance","sarcoma_gene","brain_glioma_gene","midline_cancer_significance","rcc_features","salivary_gland_tumor_gene","endometrial_prognosis","HRR45_BRCA45_HRD_genebg_intro","HRR45_BRCA45_gene_intro","HRR45_BRCA45_HRD_people_feat","gene_instability_intro_HRD","hrd_and_tumor_therapy","common_drug_gene_list","gene_intro","cancer_bg_intro","cancer_improtant_gene","test_cancer_gene_panel","cancer_gene_pathogenicity","method_limit","test_method","genetic_interpretation","variant_interpretation_statement","variant_test_summary","test_flow","reference","signal_pathway","screening_methods_excluding_genetic","glioma_marker_significance","glioma_genetic_risk_gene","faq","has_subreport","deleted","creator","create_time","updater","update_time"
"1","0","泛实体瘤188基因检测报告","","实体瘤188基因检测报告","1","0","1","1","1","0","0","1","0","0","0","0","0","1","0","1","0","0","0","0","1","0","0","0","1","1","0","0","1","1","0","1","1","0","0","0","0","0","0","1","1","0","0","1","0","1","1","0","0","0","1","1","0","0","0","0","1","1","1","0","1","0","0","0","0","1","0","0","0","0","0","0","0","1","1","0","1","1","0","1","0","0","1","1","0","1","0","1","0","0","1","0","0","levi","18/11/2025 15:16:25","levi","18/11/2025 15:16:25"
"2","0","NovoPM1.0检测报告","","实体瘤550基因检测报告","1","0","1","1","1","0","0","1","0","0","0","0","0","1","0","1","0","0","0","0","1","0","0","0","1","1","0","0","1","1","1","1","1","1","1","0","0","0","0","1","1","0","0","1","0","1","1","0","0","1","1","1","1","1","0","0","1","1","1","0","1","0","0","0","0","1","0","0","0","0","0","0","0","1","1","0","1","1","0","1","0","0","1","1","0","1","0","1","0","0","1","0","0","levi","18/11/2025 15:16:27","levi","18/11/2025 15:16:27"
"3","0","NOVO泛癌种1238检测报告","","实体瘤1238基因检测报告","1","0","1","1","1","0","0","1","0","0","0","0","0","1","0","1","0","0","0","0","1","0","0","0","1","1","0","0","1","1","1","1","1","1","1","0","0","0","0","1","1","0","0","1","0","1","1","0","0","1","1","1","1","1","0","0","1","1","1","0","1","0","0","0","0","1","0","0","0","0","0","0","0","1","1","0","1","1","0","1","0","0","1","1","0","1","0","1","0","0","1","0","0","levi","18/11/2025 15:16:28","levi","18/11/2025 15:16:28"
"4","0","肉瘤1238+1166基因检测报告","","肉瘤1238+1166基因检测报告","1","0","1","1","1","0","0","0","0","0","0","1","0","0","0","1","0","0","0","0","0","0","0","0","1","1","0","0","1","1","1","1","1","1","1","0","0","0","0","1","1","0","0","0","0","1","1","0","0","1","1","1","1","1","0","0","1","0","1","0","1","0","0","0","0","1","0","0","0","0","0","0","0","1","1","0","1","1","0","1","0","0","1","1","0","1","0","1","0","0","1","0","0","levi","19/8/2025 14:44:31","levi","19/8/2025 14:44:31"
"5","0","泛实体瘤1238+1166基因检测报告","","实体瘤1238+1166基因检测报告","1","0","1","1","1","0","0","1","0","0","0","0","0","1","0","1","0","0","0","0","1","0","0","0","1","1","0","0","1","1","1","1","1","1","1","0","0","0","0","1","1","0","0","1","0","1","1","0","0","1","1","1","1","1","0","0","1","1","1","0","1","0","0","0","0","1","0","0","0","0","0","0","0","1","1","0","1","1","0","1","0","0","1","1","0","1","0","1","0","0","1","0","0","levi","18/11/2025 15:16:36","levi","18/11/2025 15:16:36"
"6","0","泛实体瘤550+596基因检测报告","","实体瘤550+596基因全景版检测报告","1","0","1","1","1","0","0","1","0","0","0","0","0","1","0","1","0","0","0","0","1","0","0","0","1","1","0","0","1","1","1","1","1","1","1","0","0","0","0","1","1","0","0","1","0","1","1","0","0","1","1","1","1","1","0","0","1","1","1","0","1","0","0","0","0","1","0","0","0","0","0","0","0","1","1","0","1","1","0","1","0","0","1","1","0","1","0","1","0","0","1","0","0","levi","18/11/2025 15:16:37","levi","18/11/2025 15:16:37"
"7","0","肉瘤550+596基因检测报告","","骨及软组织肿瘤550+596基因全景版检测报告","1","0","1","1","1","0","0","0","0","0","0","1","0","0","0","1","0","0","0","0","0","0","0","0","1","1","0","0","1","1","1","1","1","1","1","0","0","0","0","1","1","0","0","0","0","1","1","0","0","1","1","1","1","1","0","0","1","0","1","0","1","0","0","0","0","1","0","0","0","0","0","0","0","1","1","0","1","1","0","1","0","0","1","1","0","1","0","1","0","0","1","0","0","levi","30/5/2025 10:40:50","levi","30/5/2025 10:40:50"
"8","0","全外显子组升级版（WES Plus）基因检测报告","","全外显子组升级版（WES Plus）基因检测报告","1","0","1","1","1","0","0","1","1","1","1","1","0","1","0","0","0","0","0","0","1","0","0","0","1","1","0","0","1","1","1","1","1","1","1","1","1","1","0","1","1","0","1","1","0","1","1","0","0","1","1","1","1","1","1","1","1","1","1","1","1","0","1","0","0","1","0","1","0","0","0","0","0","1","1","0","1","1","0","1","0","0","0","0","0","1","0","1","0","0","1","0","0","levi","18/11/2025 15:16:39","levi","18/11/2025 15:16:39"
"9","0","1238_HRDscore基因检测报告","","肿瘤同源重组修复缺陷（HRD max）全景版检测报告","1","0","1","1","1","0","0","1","1","1","1","0","0","1","0","0","0","0","0","0","1","0","0","0","1","1","0","0","1","0","1","1","1","1","1","0","0","0","0","1","1","0","1","1","0","1","1","0","0","1","1","1","1","1","0","0","0","1","1","0","1","0","0","0","0","1","0","1","1","0","0","1","1","1","1","0","1","1","0","1","0","0","0","0","0","1","0","1","0","0","0","0","0","levi","18/11/2025 15:16:41","levi","18/11/2025 15:16:41"
"10","0","泛实体瘤550+HRD基因检测报告","","肿瘤同源重组修复缺陷（HRD plus）升级版检测报告","1","0","1","1","1","0","0","1","1","1","1","0","0","1","0","0","0","0","0","0","1","0","0","0","1","1","0","0","1","0","1","1","1","1","1","0","0","0","0","1","1","0","1","1","0","1","1","0","0","1","1","1","1","1","0","0","0","1","1","0","1","0","0","0","0","0","0","1","1","0","0","1","1","1","0","0","1","0","0","1","0","0","0","0","0","1","0","1","0","0","0","0","0","levi","18/11/2025 15:16:42","levi","18/11/2025 15:16:42"
"11","0","泛实体瘤188基因+HRDscore检测报告","","实体瘤188基因+同源重组修复缺陷评分（HRD score）检测报告","1","0","1","1","1","0","0","1","1","1","1","0","0","1","0","0","0","0","0","0","1","0","0","0","1","1","0","0","1","1","0","1","1","0","0","0","0","0","0","1","1","0","1","1","0","1","1","0","0","0","1","1","0","0","0","0","1","1","1","0","1","0","0","0","0","0","0","1","1","0","0","1","1","1","0","0","1","0","0","1","0","0","0","0","0","1","0","1","0","0","0","0","0","levi","18/11/2025 15:16:42","levi","18/11/2025 15:16:42"
"12","0","鼻咽癌1238基因检测报告","","鼻咽癌1238基因检测报告","1","0","1","1","1","0","0","0","0","0","0","0","0","0","0","0","0","0","0","0","0","0","0","0","1","1","0","0","1","0","1","1","1","1","1","0","0","0","0","1","0","0","0","0","0","1","1","0","0","1","1","1","1","1","0","0","0","0","1","0","1","0","0","0","0","0","0","1","0","0","0","0","0","1","0","0","1","0","0","1","0","0","0","0","0","1","0","1","0","0","0","0","1","levi","19/6/2025 10:22:06","levi","19/6/2025 10:22:06"
"13","0","实体瘤462基因检测报告","","实体瘤462基因检测报告","1","0","1","1","1","0","0","1","0","0","0","0","0","1","0","0","0","0","0","0","1","0","0","0","1","1","0","0","1","1","1","1","1","1","1","0","0","0","0","1","1","0","0","1","0","1","1","0","0","1","1","1","1","1","0","0","1","1","1","0","1","0","0","0","0","0","0","1","0","0","0","0","0","1","0","0","1","0","0","1","0","0","0","0","0","0","0","1","0","0","0","0","0","levi","18/11/2025 15:16:44","levi","18/11/2025 15:16:44"
"14","0","泛癌种86基因检测报告","","实体瘤86基因检测报告","1","0","1","1","1","0","0","0","0","0","0","0","0","0","0","0","0","0","0","0","0","0","0","0","1","1","0","0","1","0","0","1","1","0","0","0","0","0","0","1","0","0","0","0","0","1","1","0","0","0","1","1","0","0","0","0","0","0","1","0","1","0","0","0","0","0","0","0","0","0","0","0","0","1","0","0","1","0","0","1","0","0","0","0","0","1","0","1","0","0","0","0","0","levi","25/3/2025 19:31:08","levi","25/3/2025 19:31:08"
"15","0","BRCA45基因检测报告","","DNA损伤修复45基因检测报告","1","0","1","1","1","0","0","0","0","0","0","0","0","0","0","0","0","0","0","0","0","0","0","0","1","1","0","0","1","0","0","0","0","0","0","0","0","0","0","0","0","0","0","0","0","1","1","0","0","0","0","0","0","0","0","0","0","0","0","0","1","0","0","0","0","0","0","0","1","1","1","0","0","0","0","0","1","0","0","1","0","0","0","0","0","1","0","1","0","0","0","0","0","levi","16/3/2025 23:36:15","levi","16/3/2025 23:36:19"
"16","0","HRR45_HRDscore基因检测报告","","肿瘤同源重组修复缺陷（HRD pro）专业版检测报告","1","0","1","1","1","0","0","0","1","1","1","0","0","0","0","0","0","0","0","0","0","0","0","0","1","1","0","0","1","0","0","0","0","0","0","0","0","0","0","0","0","0","1","0","0","1","1","0","0","0","0","0","0","0","0","0","0","0","0","0","1","0","0","0","0","0","0","0","1","1","1","1","1","0","0","0","1","0","0","1","0","0","0","0","0","1","0","1","0","0","0","0","0","levi","16/3/2025 23:39:48","levi","16/3/2025 23:39:52"
"17","0","泌尿系统肿瘤99基因检测报告","","泌尿系统肿瘤99基因检测报告","1","0","1","1","1","0","0","0","0","0","0","0","0","0","0","0","0","0","0","0","0","0","0","0","1","1","0","0","1","1","0","1","1","1","1","0","0","0","0","1","0","0","0","0","0","1","1","0","0","0","1","1","1","1","0","0","1","0","1","0","1","0","0","0","0","0","0","0","0","0","0","0","0","1","0","0","1","0","0","1","0","0","0","0","0","0","0","1","0","0","0","0","0","levi","16/3/2025 23:42:50","levi","16/3/2025 23:42:55"
"18","0","消化道肿瘤50基因检测报告-双样本-盖章版","","消化道肿瘤50基因检测报告","1","0","1","1","1","0","0","0","0","0","0","0","0","0","0","0","0","0","0","0","0","0","0","0","1","1","0","0","1","0","0","1","1","0","0","0","0","0","0","1","0","0","0","0","0","1","1","0","0","0","1","1","0","0","0","0","0","0","1","0","1","0","0","0","0","0","0","0","0","0","0","0","0","1","0","0","1","0","0","1","0","0","0","0","0","1","0","1","0","0","0","0","0","levi","16/3/2025 23:46:37","levi","16/3/2025 23:46:47"
"19","0","中国人群BRCA12基因分子分型研究_双样本-盖章版","","中国人群BRCA1/2基因分子分型研究检测报告","1","0","1","1","0","0","0","0","0","0","0","0","0","0","0","0","0","0","0","0","0","0","0","0","1","1","0","0","0","0","0","0","0","0","0","0","0","0","0","0","0","0","0","0","0","1","1","0","0","0","0","0","0","0","0","0","0","0","0","0","1","0","0","0","0","0","0","0","1","0","1","0","0","0","0","0","0","0","0","1","0","0","0","0","0","1","0","1","0","0","0","0","0","levi","13/6/2025 16:04:00","levi","13/6/2025 16:04:00"
"20","0","BRCA12基因+同源重组修复缺陷评分（HRD score）检测报告","","BRCA1/2基因+同源重组修复缺陷评分（HRD score）检测报告","1","0","1","1","0","0","0","0","1","1","1","0","0","0","0","0","0","0","0","0","0","0","0","0","1","1","0","0","0","0","0","0","0","0","0","0","0","0","0","0","0","0","1","0","0","1","1","0","0","0","0","0","0","0","0","0","0","0","0","0","1","0","0","0","0","0","0","0","1","0","1","1","1","0","0","0","0","0","0","1","0","0","0","0","0","0","0","1","0","0","0","0","0","levi","16/3/2025 23:59:41","levi","16/3/2025 23:59:45"
"21","0","骨及软组织肿瘤融合基因谱检测报告1166","","骨及软组织肿瘤融合基因谱检测报告","1","0","1","1","0","0","0","0","0","0","0","1","0","0","0","0","0","0","0","0","0","0","0","0","0","0","0","0","0","0","0","0","0","0","0","0","0","0","0","0","0","0","0","0","1","0","0","0","0","0","0","0","0","0","0","0","0","0","0","0","1","0","1","0","0","0","0","0","0","0","0","0","0","0","0","0","1","0","0","1","0","0","0","0","0","1","0","1","0","0","0","0","0","levi","21/3/2025 15:16:55","levi","21/3/2025 15:16:59"
"22","0","骨及软组织肿瘤融合基因谱检测报告596","","骨及软组织肿瘤融合基因谱检测报告","1","0","1","1","0","0","0","0","0","0","0","1","0","0","0","0","0","0","0","0","0","0","0","0","0","0","0","0","0","0","0","0","0","0","0","0","0","0","0","0","0","0","0","0","1","0","0","0","0","0","0","0","0","0","0","0","0","0","0","0","1","0","1","0","0","0","0","0","0","0","0","0","0","0","0","0","1","0","0","1","0","0","0","0","0","1","0","1","0","0","0","0","0","levi","16/6/2025 11:55:34","levi","16/6/2025 11:55:34"
"23","0","实体瘤462基因检测报告-单样本","","实体瘤462基因检测报告","1","0","1","1","1","0","0","1","0","0","0","0","0","1","0","0","0","0","0","0","1","0","1","0","0","0","0","0","1","0","1","1","0","1","1","0","0","0","0","1","1","0","0","1","1","0","0","0","0","1","1","0","1","1","0","0","0","1","1","0","1","0","0","0","0","0","0","1","0","0","0","0","0","1","0","0","1","0","0","1","0","0","0","0","0","0","0","1","0","0","0","0","0","levi","26/3/2026 14:00:52","levi","26/3/2026 14:00:52"
"24","0","泛实体瘤188基因报告-单样本-盖章版","","实体瘤188基因检测报告","1","0","1","1","1","0","0","1","0","0","0","0","0","0","0","0","0","0","0","0","1","0","1","0","0","0","0","0","1","0","0","1","0","0","0","0","0","0","0","1","1","0","0","1","1","0","0","0","0","0","1","0","0","0","0","0","0","1","1","0","1","0","0","0","0","0","0","0","0","0","0","0","0","1","0","0","1","0","0","1","0","0","0","0","0","1","0","1","0","0","0","0","0","levi","18/11/2025 15:17:06","levi","18/11/2025 15:17:06"
"25","0","泛实体瘤108+33基因检测报告-单样本","","实体瘤108+33基因检测报告","1","0","1","1","1","0","0","0","0","0","0","0","0","0","0","0","0","0","0","0","0","0","1","0","0","0","0","0","1","0","0","1","0","1","1","0","0","0","0","1","0","0","0","0","1","0","0","0","0","0","1","0","1","1","0","0","0","0","1","0","1","0","0","0","0","0","0","0","0","0","0","0","0","1","0","0","1","0","0","1","0","0","0","0","0","0","0","1","0","0","0","0","0","levi","13/6/2025 10:03:27","levi","13/6/2025 10:03:27"
"26","0","泛癌种86基因报告-单样本-盖章版","","实体瘤86基因检测报告","1","0","1","1","1","0","0","0","0","0","0","0","0","0","0","0","0","0","0","0","0","0","1","0","0","0","0","0","1","0","0","1","0","0","0","0","0","0","0","1","0","0","0","0","1","0","0","0","0","0","1","0","0","0","0","0","0","0","1","0","1","0","0","0","0","0","0","0","0","0","0","0","0","1","0","0","1","0","0","1","0","0","0","0","0","1","0","1","0","0","0","0","0","levi","20/5/2025 15:35:33","levi","20/5/2025 15:35:33"
"27","0","肝胆胰腺肿瘤120基因检测报告-单样本-盖章版","","肝胆胰腺肿瘤120基因检测报告","1","0","1","1","1","0","0","0","0","0","0","0","0","0","0","0","0","0","0","0","0","0","1","0","0","0","0","0","1","0","0","1","0","0","0","0","0","0","0","1","0","0","0","0","1","0","0","0","0","0","1","0","0","0","0","0","0","0","1","0","1","0","0","0","0","0","0","0","0","0","0","0","0","1","0","0","1","0","0","1","0","0","0","0","0","1","0","1","0","0","0","0","0","levi","16/5/2025 17:16:20","levi","16/5/2025 17:16:22"
"28","0","泛实体瘤58+22基因检测报告-单样本","","实体瘤58+22基因检测报告","1","0","1","1","1","0","0","0","0","0","0","0","0","0","0","0","0","0","0","0","0","0","1","0","0","0","0","0","1","0","0","1","0","0","0","0","0","0","0","1","0","0","0","0","1","0","0","0","0","0","1","0","0","0","0","0","0","0","1","0","1","0","0","0","0","0","0","0","0","0","0","0","0","1","0","0","1","0","0","1","0","0","0","0","0","0","0","1","0","0","0","0","0","levi","13/6/2025 10:03:48","levi","13/6/2025 10:03:48"
"29","0","BRCA45基因检测报告-体系","","DNA损伤修复45基因检测报告","1","0","1","1","1","0","0","0","0","0","0","0","0","0","0","0","0","0","0","0","0","0","1","0","0","0","0","0","1","0","0","0","0","0","0","0","0","0","0","0","0","0","0","0","1","0","0","0","0","0","0","0","0","0","0","0","0","0","0","0","1","0","0","0","0","0","0","0","1","1","0","0","0","0","0","0","1","0","0","1","0","0","0","0","0","1","0","1","0","0","0","0","0","levi","16/5/2025 17:34:33","levi","16/5/2025 17:34:36"
"30","0","中国人群BRCA12基因分子分型研究_体系-盖章版","","中国人群BRCA1/2基因分子分型研究检测报告","1","0","1","1","0","0","0","0","0","0","0","0","0","0","0","0","0","0","0","0","0","0","1","0","0","0","0","0","0","0","0","0","0","0","0","0","0","0","0","0","0","0","0","0","1","0","0","0","0","0","0","0","0","0","0","0","0","0","0","0","1","0","0","0","0","0","0","0","1","0","1","0","0","0","0","0","0","0","0","1","0","0","0","0","0","1","0","1","0","0","0","0","0","levi","13/6/2025 16:04:04","levi","13/6/2025 16:04:04"
"31","0","消化道肿瘤50基因检测报告-单样本-盖章版","","消化道肿瘤50基因检测报告","1","0","1","1","1","0","0","0","0","0","0","0","0","0","0","0","0","0","0","0","0","0","1","0","0","0","0","0","1","0","0","1","0","0","0","0","0","0","0","1","0","0","0","0","1","0","0","0","0","0","1","0","0","0","0","0","0","0","1","0","1","0","0","0","0","0","0","0","0","0","0","0","0","1","0","0","1","0","0","1","0","0","0","0","0","1","0","1","0","0","0","0","0","levi","16/5/2025 17:33:13","levi","16/5/2025 17:33:15"
"32","0","子宫内膜癌检测报告-盖章版","","子宫内膜癌检测报告","1","0","1","1","0","0","0","0","0","0","0","0","0","1","0","0","0","0","0","0","0","0","0","0","1","1","0","0","1","0","0","1","0","0","0","0","0","0","0","0","0","0","0","0","0","1","1","0","0","0","1","0","0","0","0","0","0","0","0","0","1","0","0","0","0","0","0","1","0","0","0","0","0","0","0","0","1","0","0","1","0","0","0","0","0","1","0","1","0","0","0","0","0","levi","21/3/2025 18:50:38","levi","21/3/2025 18:50:43"
"33","0","肝胆胰腺肿瘤120基因检测报告-双样本-盖章版","","肝胆胰腺肿瘤120基因检测报告","1","0","1","1","1","0","0","0","0","0","0","0","0","0","0","0","0","0","0","0","0","0","0","0","1","1","0","0","1","0","0","1","1","0","0","0","0","0","0","1","0","0","0","0","0","1","1","0","0","0","1","1","0","0","0","0","0","0","1","0","1","0","0","0","0","0","0","0","0","0","0","0","0","1","0","0","1","0","0","1","0","0","0","0","0","1","0","1","0","0","0","0","0","levi","21/3/2025 18:58:20","levi","21/3/2025 18:58:24"
"34","0","肺癌25基因检测报告","","肺癌25基因检测报告","1","0","1","1","1","0","0","0","0","0","0","0","0","0","0","0","0","0","0","0","0","0","1","0","0","0","0","0","1","0","0","0","0","0","0","0","0","0","0","0","0","0","0","0","1","0","0","0","0","0","0","0","0","0","0","0","0","0","0","0","1","0","0","0","0","0","0","0","0","0","0","0","0","1","0","0","1","0","0","1","0","0","0","0","0","1","0","1","0","0","0","0","0","levi","16/5/2025 17:39:57","levi","16/5/2025 17:39:59"
"35","0","肺癌49检测报告-诺禾版","","肺癌49基因检测报告","1","0","1","1","1","0","0","0","0","0","0","0","0","0","0","0","0","0","0","0","0","0","1","0","0","0","0","0","1","0","0","0","0","0","0","0","0","0","0","0","0","0","0","0","1","0","0","0","0","0","0","0","0","0","0","0","0","0","0","0","1","0","0","0","0","0","0","0","0","0","0","0","0","1","0","0","1","0","0","1","0","0","0","0","0","1","0","1","0","0","0","0","0","levi","16/5/2025 17:33:52","levi","16/5/2025 17:33:55"
"36","0","肺癌68基因检测报告-单样本","","肺癌68基因检测报告","1","0","1","1","1","0","0","0","0","0","0","0","0","0","0","0","0","0","0","0","0","0","1","0","0","0","0","0","1","0","0","0","0","0","0","0","0","0","0","1","0","0","0","0","1","0","0","0","0","0","0","0","0","0","0","0","0","0","1","0","1","0","0","0","0","0","0","0","0","0","0","0","0","1","0","0","1","0","0","1","0","0","0","0","0","1","0","1","0","0","0","0","0","levi","22/5/2025 15:20:41","levi","22/5/2025 15:20:41"
"37","0","涎腺肿瘤融合基因谱检测报告","","涎腺肿瘤融合基因谱检测报告","1","0","1","1","0","0","0","0","0","0","0","0","1","0","0","0","0","0","0","0","0","0","0","0","0","0","0","0","0","0","0","0","0","0","0","0","0","0","0","0","0","0","0","0","1","0","0","0","0","0","0","0","0","0","0","0","0","0","0","0","1","0","0","0","0","0","1","0","0","0","0","0","0","0","0","0","1","0","0","1","0","0","0","0","0","1","0","1","0","0","0","0","0","levi","21/3/2025 19:24:39","levi","21/3/2025 19:24:43"
"38","0","HRDscore检测报告","","肿瘤同源重组修复缺陷评分（HRD score）检测报告","1","0","1","1","0","0","0","0","1","0","1","0","0","0","0","0","0","0","0","0","0","0","0","0","0","0","0","0","0","0","0","0","0","0","0","0","0","0","0","0","0","0","1","0","0","0","0","0","0","0","0","0","0","0","0","0","0","0","0","0","1","0","0","0","0","0","0","0","0","0","1","1","1","0","0","0","0","0","0","1","0","0","0","0","0","1","0","1","0","0","0","0","0","levi","21/3/2025 19:46:39","levi","21/3/2025 19:46:43"
"39","0","BRCA45基因检测报告-胚系","","DNA损伤修复45基因检测报告","1","0","1","1","1","0","0","0","0","0","0","0","0","0","0","0","0","0","0","0","0","0","0","1","0","0","0","0","1","0","0","0","0","0","0","0","0","0","0","0","0","0","0","0","1","0","0","0","0","0","0","0","0","0","0","0","0","0","0","0","1","0","0","0","0","0","0","0","1","1","1","0","0","0","0","0","1","0","0","1","0","0","0","0","0","1","0","1","0","0","0","0","0","levi","16/5/2025 17:35:08","levi","16/5/2025 17:35:10"
"40","0","中国人群BRCA12基因分子分型研究_胚系-盖章版","","中国人群BRCA1/2基因分子分型研究检测报告","1","0","1","1","0","0","0","0","0","0","0","0","0","0","0","0","0","0","0","0","0","0","0","1","0","0","0","0","0","0","0","0","0","0","0","0","0","0","0","0","0","0","0","0","1","0","0","0","0","0","0","0","0","0","0","0","0","0","0","0","1","0","0","0","0","0","0","0","1","0","1","0","0","0","0","0","0","0","0","1","0","0","0","0","0","1","0","1","0","0","0","0","0","levi","13/6/2025 16:03:50","levi","13/6/2025 16:03:50"
"41","0","甲状腺癌38检测报告-双样本-盖章版","","甲状腺癌38基因检测报告","1","0","1","1","0","0","0","1","0","0","0","0","0","0","0","0","0","0","0","0","1","0","0","0","1","1","0","0","1","0","0","1","0","0","0","0","0","0","0","0","0","0","0","1","0","1","1","0","0","0","1","0","0","0","0","0","0","0","0","0","1","0","0","0","0","0","0","0","0","0","0","0","0","1","0","0","1","0","0","1","0","0","0","0","0","1","0","1","0","0","0","0","0","levi","13/5/2025 11:22:11","levi","13/5/2025 11:22:16"
"42","0","甲状腺癌17检测报告-双样本-盖章版","","甲状腺癌17基因检测报告","1","0","1","1","0","0","0","1","0","0","0","0","0","0","0","0","0","0","0","0","1","0","0","0","1","1","0","0","1","0","0","0","0","0","0","0","0","0","0","0","0","0","0","1","0","1","1","0","0","0","0","0","0","0","0","0","0","0","0","0","1","0","0","0","0","0","0","0","0","0","0","0","0","1","0","0","1","0","0","1","0","0","0","0","0","1","0","1","0","0","0","0","0","levi","13/5/2025 11:20:34","levi","13/5/2025 11:20:38"
"43","0","甲状腺癌38检测报告-单样本-盖章版","","甲状腺癌38基因检测报告","1","0","1","1","0","0","0","1","0","0","0","0","0","0","0","0","0","0","0","0","1","0","1","0","0","0","0","0","1","0","0","0","0","0","0","0","0","0","0","0","0","0","0","1","1","0","0","0","0","0","0","0","0","0","0","0","0","0","0","0","1","0","0","0","0","0","0","0","0","0","0","0","0","1","0","0","1","0","0","1","0","0","0","0","0","1","0","1","0","0","0","0","0","levi","16/5/2025 17:41:36","levi","16/5/2025 17:41:39"
"44","0","甲状腺癌17检测报告-单样本-盖章版","","甲状腺癌17基因检测报告","1","0","1","1","0","0","0","1","0","0","0","0","0","0","0","0","0","0","0","0","1","0","1","0","0","0","0","0","1","0","0","0","0","0","0","0","0","0","0","0","0","0","0","1","1","0","0","0","0","0","0","0","0","0","0","0","0","0","0","0","1","0","0","0","0","0","0","0","0","0","0","0","0","1","0","0","1","0","0","1","0","0","0","0","0","1","0","1","0","0","0","0","0","levi","16/5/2025 17:42:06","levi","16/5/2025 17:42:08"
"45","0","肺癌11基因检测报告","","肺癌11基因检测报告","1","0","1","1","1","0","0","0","0","0","0","0","0","0","0","0","0","0","0","0","0","0","1","0","0","0","0","0","1","0","0","0","0","0","0","0","0","0","0","1","0","0","0","0","1","0","0","0","0","0","0","0","0","0","0","0","0","0","0","0","1","0","0","0","0","0","0","0","0","0","0","0","0","1","0","0","1","0","0","1","0","0","0","0","0","1","0","1","0","0","0","0","0","levi","11/6/2025 11:09:55","levi","11/6/2025 11:09:55"
"46","0","肠癌11基因检测报告","","结直肠癌11基因检测报告","1","0","1","1","1","0","0","0","0","0","0","0","0","0","0","0","0","0","0","0","0","0","1","0","0","0","0","0","1","0","0","0","0","0","0","0","0","0","0","0","0","0","0","0","1","0","0","0","0","0","0","0","0","0","0","0","0","0","1","0","1","0","0","0","0","0","0","0","0","0","0","0","0","1","0","0","1","0","0","1","0","0","0","0","0","1","0","1","0","0","0","0","0","levi","16/5/2025 17:43:36","levi","16/5/2025 17:43:38"
"47","0","NOVO泛癌种988基因检测报告","","实体瘤988基因检测报告","1","0","1","1","1","0","0","1","0","0","0","0","0","1","0","1","0","0","0","0","1","0","0","0","1","1","0","0","1","1","1","1","1","1","1","0","0","0","0","1","1","0","0","1","0","1","1","0","0","1","1","1","1","1","0","0","1","1","1","0","1","0","0","0","0","1","0","0","0","0","0","0","0","1","1","0","1","1","0","1","0","0","1","1","0","1","0","1","0","0","1","0","0","levi","18/11/2025 15:17:20","levi","18/11/2025 15:17:20"
"48","0","988_HRDscore基因检测报告","","实体瘤988基因+同源重组修复缺陷评分（HRD score）检测报告","1","0","1","1","1","0","0","1","1","1","1","0","0","1","0","0","0","0","0","0","1","0","0","0","1","1","0","0","1","0","1","1","1","1","1","0","0","0","0","1","1","0","1","1","0","1","1","0","0","1","1","1","1","1","0","0","0","1","1","0","1","0","0","0","0","1","0","1","1","0","0","1","1","1","1","0","1","1","0","1","0","0","0","0","0","1","0","1","0","0","0","0","0","levi","18/11/2025 15:17:21","levi","18/11/2025 15:17:21"
"49","0","乳腺癌39基因检测报告","","乳腺癌39基因检测报告","1","0","1","1","1","0","0","0","0","0","0","0","0","0","0","0","0","0","0","0","0","0","0","0","1","1","0","0","1","0","0","0","0","0","0","0","0","0","0","0","0","0","0","0","1","0","0","0","0","0","0","0","0","0","0","0","0","0","1","0","1","0","0","0","0","0","0","0","0","0","0","0","0","1","0","0","1","0","0","11","0","0","0","0","0","1","0","1","0","0","0","0","0","levi","19/5/2025 18:43:19","levi","19/5/2025 18:43:24"
"50","0","实体瘤分子残留病灶(MRD)组织1238基因检测报告","","实体瘤分子残留病灶（MRD）组织1238基因检测报告","1","0","1","1","1","0","0","1","0","0","0","0","0","1","0","1","0","0","0","0","1","0","0","0","1","1","0","0","1","1","1","1","1","1","1","0","0","0","0","1","1","0","0","1","0","1","1","0","1","1","1","1","1","1","0","0","1","1","1","0","1","0","0","0","0","1","0","0","0","0","0","0","0","1","1","0","1","1","0","1","0","0","1","1","0","1","0","1","0","0","1","0","0","levi","18/11/2025 15:17:27","levi","18/11/2025 15:17:27"
"51","0","泛实体瘤188基因报告","","实体瘤188基因检测报告","1","0","1","1","1","0","0","1","0","0","0","0","0","1","0","1","0","0","0","0","1","0","0","0","1","1","0","0","1","1","0","1","1","0","0","0","0","0","0","1","1","0","0","1","0","1","1","0","0","0","1","1","0","0","0","0","1","1","1","0","1","0","0","0","0","1","0","0","0","0","0","0","0","1","1","0","1","1","0","1","0","0","1","1","0","1","0","1","0","0","1","0","0","levi","18/11/2025 15:17:28","levi","18/11/2025 15:17:28"
"52","0","NovoPM1.0报告","","实体瘤550基因检测报告","1","0","1","1","1","0","0","1","0","0","0","0","0","1","0","1","0","0","0","0","1","0","0","0","1","1","0","0","1","1","1","1","1","1","1","0","0","0","0","1","1","0","0","1","0","1","1","0","0","1","1","1","1","1","0","0","1","1","1","0","1","0","0","0","0","1","0","0","0","0","0","0","0","1","1","0","1","1","0","1","0","0","1","1","0","1","0","1","0","0","1","0","0","levi","18/11/2025 15:17:30","levi","18/11/2025 15:17:30"
"53","0","NOVO泛癌种1238报告","","实体瘤1238基因检测报告","1","0","1","1","1","0","0","1","0","0","0","0","0","1","0","1","0","0","0","0","1","0","0","0","1","1","0","0","1","1","1","1","1","1","1","0","0","0","0","1","1","0","0","1","0","1","1","0","0","1","1","1","1","1","0","0","1","1","1","0","1","0","0","0","0","1","0","0","0","0","0","0","0","1","1","0","1","1","0","1","0","0","1","1","0","1","0","1","0","0","1","0","0","levi","18/11/2025 15:17:30","levi","18/11/2025 15:17:30"
"54","0","肉瘤1238+1166基因报告","","肉瘤1238+1166基因检测报告","1","0","1","1","1","0","0","0","0","0","0","1","0","0","0","1","0","0","0","0","0","0","0","0","1","1","0","0","1","1","1","1","1","1","1","0","0","0","0","1","1","0","0","0","0","1","1","0","0","1","1","1","1","1","0","0","1","0","1","0","1","0","0","0","0","1","0","0","0","0","0","0","0","1","1","0","1","1","0","1","0","0","1","1","0","1","0","1","0","0","1","0","0","levi","19/8/2025 14:44:33","levi","19/8/2025 14:44:33"
"55","0","泛实体瘤1238+1166基因报告","","实体瘤1238+1166基因检测报告","1","0","1","1","1","0","0","1","0","0","0","0","0","1","0","1","0","0","0","0","1","0","0","0","1","1","0","0","1","1","1","1","1","1","1","0","0","0","0","1","1","0","0","1","0","1","1","0","0","1","1","1","1","1","0","0","1","1","1","0","1","0","0","0","0","1","0","0","0","0","0","0","0","1","1","0","1","1","0","1","0","0","1","1","0","1","0","1","0","0","1","0","0","levi","18/11/2025 15:17:38","levi","18/11/2025 15:17:38"
"56","0","泛实体瘤550+596基因报告","","实体瘤550+596基因全景版检测报告","1","0","1","1","1","0","0","1","0","0","0","0","0","1","0","1","0","0","0","0","1","0","0","0","1","1","0","0","1","1","1","1","1","1","1","0","0","0","0","1","1","0","0","1","0","1","1","0","0","1","1","1","1","1","0","0","1","1","1","0","1","0","0","0","0","1","0","0","0","0","0","0","0","1","1","0","1","1","0","1","0","0","1","1","0","1","0","1","0","0","1","0","0","levi","18/11/2025 15:17:39","levi","18/11/2025 15:17:39"
"57","0","肉瘤550+596基因报告","","骨及软组织肿瘤550+596基因全景版检测报告","1","0","1","1","1","0","0","0","0","0","0","1","0","0","0","1","0","0","0","0","0","0","0","0","1","1","0","0","1","1","1","1","1","1","1","0","0","0","0","1","1","0","0","0","0","1","1","0","0","1","1","1","1","1","0","0","1","0","1","0","1","0","0","0","0","1","0","0","0","0","0","0","0","1","1","0","1","1","0","1","0","0","1","1","0","1","0","1","0","0","1","0","0","levi","30/5/2025 10:40:50","levi","30/5/2025 10:40:50"
"58","0","全外显子组升级版（WES Plus）基因报告","","全外显子组升级版（WES Plus）基因检测报告","1","0","1","1","1","0","0","1","1","1","1","1","0","1","0","0","0","0","0","0","1","0","0","0","1","1","0","0","1","1","1","1","1","1","1","1","1","1","0","1","1","0","1","1","0","1","1","0","0","1","1","1","1","1","1","1","1","1","1","1","1","0","1","0","0","1","0","1","0","0","0","0","0","1","1","0","1","1","0","1","0","0","0","0","0","1","0","1","0","0","1","0","0","levi","18/11/2025 15:17:43","levi","18/11/2025 15:17:43"
"59","0","1238_HRDscore基因报告","","肿瘤同源重组修复缺陷（HRD max）全景版检测报告","1","0","1","1","1","0","0","1","1","1","1","0","0","1","0","0","0","0","0","0","1","0","0","0","1","1","0","0","1","0","1","1","1","1","1","0","0","0","0","1","1","0","1","1","0","1","1","0","0","1","1","1","1","1","0","0","0","1","1","0","1","0","0","0","0","1","0","1","1","0","0","1","1","1","1","0","1","1","0","1","0","0","0","0","0","1","0","1","0","0","0","0","0","levi","18/11/2025 15:17:45","levi","18/11/2025 15:17:45"
"60","0","泛实体瘤550+HRD基因报告","","肿瘤同源重组修复缺陷（HRD plus）升级版检测报告","1","0","1","1","1","0","0","1","1","1","1","0","0","1","0","0","0","0","0","0","1","0","0","0","1","1","0","0","1","0","1","1","1","1","1","0","0","0","0","1","1","0","1","1","0","1","1","0","0","1","1","1","1","1","0","0","0","1","1","0","1","0","0","0","0","0","0","1","1","0","0","1","1","1","0","0","1","0","0","1","0","0","0","0","0","1","0","1","0","0","0","0","0","levi","18/11/2025 15:17:46","levi","18/11/2025 15:17:46"
"61","0","泛实体瘤188基因+HRDscore报告","","实体瘤188基因+同源重组修复缺陷评分（HRD score）检测报告","1","0","1","1","1","0","0","1","1","1","1","0","0","1","0","0","0","0","0","0","1","0","0","0","1","1","0","0","1","1","0","1","1","0","0","0","0","0","0","1","1","0","1","1","0","1","1","0","0","0","1","1","0","0","0","0","1","1","1","0","1","0","0","0","0","0","0","1","1","0","0","1","1","1","0","0","1","0","0","1","0","0","0","0","0","1","0","1","0","0","0","0","0","levi","18/11/2025 15:17:48","levi","18/11/2025 15:17:48"
"62","0","实体瘤462基因报告","","实体瘤462基因检测报告","1","0","1","1","1","0","0","1","0","0","0","0","0","1","0","0","0","0","0","0","1","0","0","0","1","1","0","0","1","1","1","1","1","1","1","0","0","0","0","1","1","0","0","1","0","1","1","0","0","1","1","1","1","1","0","0","1","1","1","0","1","0","0","0","0","0","0","1","0","0","0","0","0","1","0","0","1","0","0","1","0","0","0","0","0","0","0","1","0","0","0","0","1","levi","18/11/2025 15:17:49","levi","18/11/2025 15:17:49"
"63","0","泛癌种86基因报告","","实体瘤86基因检测报告","1","0","1","1","1","0","0","0","0","0","0","0","0","0","0","0","0","0","0","0","0","0","0","0","1","1","0","0","1","0","0","1","1","0","0","0","0","0","0","1","0","0","0","0","0","1","1","0","0","0","1","1","0","0","0","0","0","0","1","0","1","0","0","0","0","0","0","0","0","0","0","0","0","1","0","0","1","0","0","1","0","0","0","0","0","1","0","1","0","0","0","0","0","levi","25/3/2025 19:31:08","levi","25/3/2025 19:31:08"
"64","0","BRCA45基因报告","","DNA损伤修复45基因检测报告","1","0","1","1","1","0","0","0","0","0","0","0","0","0","0","0","0","0","0","0","0","0","0","0","1","1","0","0","1","0","0","0","0","0","0","0","0","0","0","0","0","0","0","0","0","1","1","0","0","0","0","0","0","0","0","0","0","0","0","0","1","0","0","0","0","0","0","0","1","1","1","0","0","0","0","0","1","0","0","1","0","0","0","0","0","1","0","1","0","0","0","0","0","levi","16/3/2025 23:36:15","levi","16/3/2025 23:36:19"
"65","0","HRR45_HRDscore基因报告","","肿瘤同源重组修复缺陷（HRD pro）专业版检测报告","1","0","1","1","1","0","0","0","1","1","1","0","0","0","0","0","0","0","0","0","0","0","0","0","1","1","0","0","1","0","0","0","0","0","0","0","0","0","0","0","0","0","1","0","0","1","1","0","0","0","0","0","0","0","0","0","0","0","0","0","1","0","0","0","0","0","0","0","1","1","1","1","1","0","0","0","1","0","0","1","0","0","0","0","0","1","0","1","0","0","0","0","0","levi","16/3/2025 23:39:48","levi","16/3/2025 23:39:52"
"66","0","泌尿系统肿瘤99基因报告","","泌尿系统肿瘤99基因检测报告","1","0","1","1","1","0","0","0","0","0","0","0","0","0","0","0","0","0","0","0","0","0","0","0","1","1","0","0","1","1","0","1","1","1","1","0","0","0","0","1","0","0","0","0","0","1","1","0","0","0","1","1","1","1","0","0","1","0","1","0","1","0","0","0","0","0","0","0","0","0","0","0","0","1","0","0","1","0","0","1","0","0","0","0","0","0","0","1","0","0","0","0","0","levi","16/3/2025 23:42:50","levi","16/3/2025 23:42:55"
"67","0","消化道肿瘤50基因检测报告-双样本-非盖章版","","消化道肿瘤50基因检测报告","1","0","1","1","1","0","0","0","0","0","0","0","0","0","0","0","0","0","0","0","0","0","0","0","1","1","0","0","1","0","0","1","1","0","0","0","0","0","0","1","0","0","0","0","0","1","1","0","0","0","1","1","0","0","0","0","0","0","1","0","1","0","0","0","0","0","0","0","0","0","0","0","0","1","0","0","1","0","0","1","0","0","0","0","0","1","0","1","0","0","0","0","0","levi","16/3/2025 23:46:37","levi","16/3/2025 23:46:47"
"68","0","中国人群BRCA12基因分子分型研究_双样本","","中国人群BRCA1/2基因分子分型研究检测报告","1","0","1","1","0","0","0","0","0","0","0","0","0","0","0","0","0","0","0","0","0","0","0","0","1","1","0","0","0","0","0","0","0","0","0","0","0","0","0","0","0","0","0","0","0","1","1","0","0","0","0","0","0","0","0","0","0","0","0","0","1","0","0","0","0","0","0","0","1","0","1","0","0","0","0","0","0","0","0","1","0","0","0","0","0","1","0","1","0","0","0","0","0","levi","13/6/2025 16:04:17","levi","13/6/2025 16:04:17"
"69","0","BRCA12基因+同源重组修复缺陷评分（HRD score）报告","","BRCA1/2基因+同源重组修复缺陷评分（HRD score）检测报告","1","0","1","1","0","0","0","0","1","1","1","0","0","0","0","0","0","0","0","0","0","0","0","0","1","1","0","0","0","0","0","0","0","0","0","0","0","0","0","0","0","0","1","0","0","1","1","0","0","0","0","0","0","0","0","0","0","0","0","0","1","0","0","0","0","0","0","0","1","0","1","1","1","0","0","0","0","0","0","1","0","0","0","0","0","0","0","1","0","0","0","0","0","levi","16/3/2025 23:59:41","levi","16/3/2025 23:59:45"
"70","0","泛实体瘤188基因报告-单样本","","实体瘤188基因检测报告","1","0","1","1","1","0","0","1","0","0","0","0","0","0","0","0","0","0","0","0","1","0","1","0","0","0","0","0","1","0","0","1","0","0","0","0","0","0","0","1","1","0","0","1","1","0","0","0","0","0","1","0","0","0","0","0","0","1","1","0","1","0","0","0","0","0","0","0","0","0","0","0","0","1","0","0","1","0","0","1","0","0","0","0","0","1","0","1","0","0","0","0","0","levi","18/11/2025 15:17:53","levi","18/11/2025 15:17:53"
"71","0","泛实体瘤108+33基因报告-单样本","","实体瘤108+33基因检测报告","1","0","1","1","1","0","0","0","0","0","0","0","0","0","0","0","0","0","0","0","0","0","1","0","0","0","0","0","1","0","0","1","0","1","1","0","0","0","0","1","0","0","0","0","1","0","0","0","0","0","1","0","1","1","0","0","0","0","1","0","1","0","0","0","0","0","0","0","0","0","0","0","0","1","0","0","1","0","0","1","0","0","0","0","0","0","0","1","0","0","0","0","0","levi","23/6/2025 14:42:09","levi","23/6/2025 14:42:09"
"72","0","泛癌种86基因报告-单样本","","实体瘤86基因检测报告","1","0","1","1","1","0","0","0","0","0","0","0","0","0","0","0","0","0","0","0","0","0","1","0","0","0","0","0","1","0","0","1","0","0","0","0","0","0","0","1","0","0","0","0","1","0","0","0","0","0","1","0","0","0","0","0","0","0","1","0","1","0","0","0","0","0","0","0","0","0","0","0","0","1","0","0","1","0","0","1","0","0","0","0","0","1","0","1","0","0","0","0","0","levi","20/5/2025 15:35:33","levi","20/5/2025 15:35:33"
"73","0","肝胆胰腺肿瘤120基因检测报告-单样本-非盖章版","","肝胆胰腺肿瘤120基因检测报告","1","0","1","1","1","0","0","0","0","0","0","0","0","0","0","0","0","0","0","0","0","0","1","0","0","0","0","0","1","0","0","1","0","0","0","0","0","0","0","1","0","0","0","0","1","0","0","0","0","0","1","0","0","0","0","0","0","0","1","0","1","0","0","0","0","0","0","0","0","0","0","0","0","1","0","0","1","0","0","1","0","0","0","0","0","1","0","1","0","0","0","0","0","levi","16/5/2025 17:16:20","levi","16/5/2025 17:16:22"
"74","0","泛实体瘤58+22基因报告-单样本","","实体瘤58+22基因检测报告","1","0","1","1","1","0","0","0","0","0","0","0","0","0","0","0","0","0","0","0","0","0","1","0","0","0","0","0","1","0","0","1","0","0","0","0","0","0","0","1","0","0","0","0","1","0","0","0","0","0","1","0","0","0","0","0","0","0","1","0","1","0","0","0","0","0","0","0","0","0","0","0","0","1","0","0","1","0","0","1","0","0","0","0","0","0","0","1","0","0","0","0","0","levi","23/6/2025 14:41:55","levi","23/6/2025 14:41:55"
"75","0","BRCA45基因报告-体系","","DNA损伤修复45基因检测报告","1","0","1","1","1","0","0","0","0","0","0","0","0","0","0","0","0","0","0","0","0","0","1","0","0","0","0","0","1","0","0","0","0","0","0","0","0","0","0","0","0","0","0","0","1","0","0","0","0","0","0","0","0","0","0","0","0","0","0","0","1","0","0","0","0","0","0","0","1","1","0","0","0","0","0","0","1","0","0","1","0","0","0","0","0","1","0","1","0","0","0","0","0","levi","16/5/2025 17:34:33","levi","16/5/2025 17:34:36"
"76","0","中国人群BRCA12基因分子分型研究_体系","","中国人群BRCA1/2基因分子分型研究检测报告","1","0","1","1","0","0","0","0","0","0","0","0","0","0","0","0","0","0","0","0","0","0","1","0","0","0","0","0","0","0","0","0","0","0","0","0","0","0","0","0","0","0","0","0","1","0","0","0","0","0","0","0","0","0","0","0","0","0","0","0","1","0","0","0","0","0","0","0","1","0","1","0","0","0","0","0","0","0","0","1","0","0","0","0","0","1","0","1","0","0","0","0","0","levi","13/6/2025 16:04:21","levi","13/6/2025 16:04:21"
"77","0","子宫内膜癌检测报告-非盖章版","","子宫内膜癌检测报告","1","0","1","1","0","0","0","0","0","0","0","0","0","1","0","0","0","0","0","0","0","0","0","0","1","1","0","0","1","0","0","1","0","0","0","0","0","0","0","0","0","0","0","0","0","1","1","0","0","0","1","0","0","0","0","0","0","0","0","0","1","0","0","0","0","0","0","1","0","0","0","0","0","0","0","0","1","0","0","1","0","0","0","0","0","1","0","1","0","0","0","0","0","levi","21/3/2025 18:50:38","levi","21/3/2025 18:50:43"
"78","0","肝胆胰腺肿瘤120基因检测报告-双样本-非盖章版","","肝胆胰腺肿瘤120基因检测报告","1","0","1","1","1","0","0","0","0","0","0","0","0","0","0","0","0","0","0","0","0","0","0","0","1","1","0","0","1","0","0","1","1","0","0","0","0","0","0","1","0","0","0","0","0","1","1","0","0","0","1","1","0","0","0","0","0","0","1","0","1","0","0","0","0","0","0","0","0","0","0","0","0","1","0","0","1","0","0","1","0","0","0","0","0","1","0","1","0","0","0","0","0","levi","21/3/2025 18:58:20","levi","21/3/2025 18:58:24"
"79","0","肺癌25基因报告","","肺癌25基因检测报告","1","0","1","1","1","0","0","0","0","0","0","0","0","0","0","0","0","0","0","0","0","0","1","0","0","0","0","0","1","0","0","0","0","0","0","0","0","0","0","0","0","0","0","0","1","0","0","0","0","0","0","0","0","0","0","0","0","0","0","0","1","0","0","0","0","0","0","0","0","0","0","0","0","1","0","0","1","0","0","1","0","0","0","0","0","1","0","1","0","0","0","0","0","levi","16/5/2025 17:39:57","levi","16/5/2025 17:39:59"
"80","0","肺癌68基因报告-单样本","","肺癌68基因检测报告","1","0","1","1","1","0","0","0","0","0","0","0","0","0","0","0","0","0","0","0","0","0","1","0","0","0","0","0","1","0","0","0","0","0","0","0","0","0","0","1","0","0","0","0","1","0","0","0","0","0","0","0","0","0","0","0","0","0","1","0","1","0","0","0","0","0","0","0","0","0","0","0","0","1","0","0","1","0","0","1","0","0","0","0","0","1","0","1","0","0","0","0","0","levi","22/5/2025 15:20:41","levi","22/5/2025 15:20:41"
"81","0","涎腺肿瘤融合基因谱报告","","涎腺肿瘤融合基因谱检测报告","1","0","1","1","0","0","0","0","0","0","0","0","1","0","0","0","0","0","0","0","0","0","0","0","0","0","0","0","0","0","0","0","0","0","0","0","0","0","0","0","0","0","0","0","1","0","0","0","0","0","0","0","0","0","0","0","0","0","0","0","1","0","0","0","0","0","1","0","0","0","0","0","0","0","0","0","1","0","0","1","0","0","0","0","0","1","0","1","0","0","0","0","0","levi","21/3/2025 19:24:39","levi","21/3/2025 19:24:43"
"82","0","HRDscore报告","","肿瘤同源重组修复缺陷评分（HRD score）检测报告","1","0","1","1","0","0","0","0","1","0","1","0","0","0","0","0","0","0","0","0","0","0","0","0","0","0","0","0","0","0","0","0","0","0","0","0","0","0","0","0","0","0","1","0","0","0","0","0","0","0","0","0","0","0","0","0","0","0","0","0","1","0","0","0","0","0","0","0","0","0","1","1","1","0","0","0","0","0","0","1","0","0","0","0","0","1","0","1","0","0","0","0","0","levi","21/3/2025 19:46:39","levi","21/3/2025 19:46:43"
"83","0","BRCA45基因报告-胚系","","DNA损伤修复45基因检测报告","1","0","1","1","1","0","0","0","0","0","0","0","0","0","0","0","0","0","0","0","0","0","0","1","0","0","0","0","1","0","0","0","0","0","0","0","0","0","0","0","0","0","0","0","1","0","0","0","0","0","0","0","0","0","0","0","0","0","0","0","1","0","0","0","0","0","0","0","1","1","1","0","0","0","0","0","1","0","0","1","0","0","0","0","0","1","0","1","0","0","0","0","0","levi","16/5/2025 17:35:08","levi","16/5/2025 17:35:10"
"84","0","中国人群BRCA12基因分子分型研究_胚系","","中国人群BRCA1/2基因分子分型研究检测报告","1","0","1","1","0","0","0","0","0","0","0","0","0","0","0","0","0","0","0","0","0","0","0","1","0","0","0","0","0","0","0","0","0","0","0","0","0","0","0","0","0","0","0","0","1","0","0","0","0","0","0","0","0","0","0","0","0","0","0","0","1","0","0","0","0","0","0","0","1","0","1","0","0","0","0","0","0","0","0","1","0","0","0","0","0","1","0","1","0","0","0","0","0","levi","13/6/2025 16:04:24","levi","13/6/2025 16:04:24"
"85","0","甲状腺癌38报告-双样本-非盖章版","","甲状腺癌38基因检测报告","1","0","1","1","0","0","0","1","0","0","0","0","0","0","0","0","0","0","0","0","1","0","0","0","1","1","0","0","1","0","0","1","0","0","0","0","0","0","0","0","0","0","0","1","0","1","1","0","0","0","1","0","0","0","0","0","0","0","0","0","1","0","0","0","0","0","0","0","0","0","0","0","0","1","0","0","1","0","0","1","0","0","0","0","0","1","0","1","0","0","0","0","0","levi","19/6/2025 14:38:38","levi","19/6/2025 14:38:38"
"86","0","甲状腺癌17报告-双样本-非盖章版","","甲状腺癌17基因检测报告","1","0","1","1","0","0","0","1","0","0","0","0","0","0","0","0","0","0","0","0","1","0","0","0","1","1","0","0","1","0","0","0","0","0","0","0","0","0","0","0","0","0","0","1","0","1","1","0","0","0","0","0","0","0","0","0","0","0","0","0","1","0","0","0","0","0","0","0","0","0","0","0","0","1","0","0","1","0","0","1","0","0","0","0","0","1","0","1","0","0","0","0","0","levi","19/6/2025 14:38:40","levi","19/6/2025 14:38:40"
"87","0","甲状腺癌38报告-单样本-非盖章版","","甲状腺癌38基因检测报告","1","0","1","1","0","0","0","1","0","0","0","0","0","0","0","0","0","0","0","0","1","0","1","0","0","0","0","0","1","0","0","0","0","0","0","0","0","0","0","0","0","0","0","1","1","0","0","0","0","0","0","0","0","0","0","0","0","0","0","0","1","0","0","0","0","0","0","0","0","0","0","0","0","1","0","0","1","0","0","1","0","0","0","0","0","1","0","1","0","0","0","0","0","levi","19/6/2025 14:38:42","levi","19/6/2025 14:38:42"
"88","0","甲状腺癌17报告-单样本-非盖章版","","甲状腺癌17基因检测报告","1","0","1","1","0","0","0","1","0","0","0","0","0","0","0","0","0","0","0","0","1","0","1","0","0","0","0","0","1","0","0","0","0","0","0","0","0","0","0","0","0","0","0","1","1","0","0","0","0","0","0","0","0","0","0","0","0","0","0","0","1","0","0","0","0","0","0","0","0","0","0","0","0","1","0","0","1","0","0","1","0","0","0","0","0","1","0","1","0","0","0","0","0","levi","19/6/2025 14:38:45","levi","19/6/2025 14:38:45"
"89","0","肺癌11基因报告","","肺癌11基因检测报告","1","0","1","1","1","0","0","0","0","0","0","0","0","0","0","0","0","0","0","0","0","0","1","0","0","0","0","0","1","0","0","0","0","0","0","0","0","0","0","1","0","0","0","0","1","0","0","0","0","0","0","0","0","0","0","0","0","0","0","0","1","0","0","0","0","0","0","0","0","0","0","0","0","1","0","0","1","0","0","1","0","0","0","0","0","1","0","1","0","0","0","0","0","levi","11/6/2025 11:08:33","levi","11/6/2025 11:08:33"
"90","0","肠癌11基因报告","","结直肠癌11基因检测报告","1","0","1","1","1","0","0","0","0","0","0","0","0","0","0","0","0","0","0","0","0","0","1","0","0","0","0","0","1","0","0","0","0","0","0","0","0","0","0","0","0","0","0","0","1","0","0","0","0","0","0","0","0","0","0","0","0","0","1","0","1","0","0","0","0","0","0","0","0","0","0","0","0","1","0","0","1","0","0","1","0","0","0","0","0","1","0","1","0","0","0","0","0","levi","16/5/2025 17:43:36","levi","16/5/2025 17:43:38"
"91","0","NOVO泛癌种988基因报告","","实体瘤988基因检测报告","1","0","1","1","1","0","0","1","0","0","0","0","0","1","0","1","0","0","0","0","1","0","0","0","1","1","0","0","1","1","1","1","1","1","1","0","0","0","0","1","1","0","0","1","0","1","1","0","0","1","1","1","1","1","0","0","1","1","1","0","1","0","0","0","0","1","0","0","0","0","0","0","0","1","1","0","1","1","0","1","0","0","1","1","0","1","0","1","0","0","1","0","0","levi","18/11/2025 15:18:03","levi","18/11/2025 15:18:03"
"92","0","988_HRDscore基因检测报告","","实体瘤988基因+同源重组修复缺陷评分（HRD score）检测报告","1","0","1","1","1","0","0","1","1","1","1","0","0","1","0","0","0","0","0","0","1","0","0","0","1","1","0","0","1","0","1","1","1","1","1","0","0","0","0","1","1","0","1","1","0","1","1","0","0","1","1","1","1","1","0","0","0","1","1","0","1","0","0","0","0","1","0","1","1","0","0","1","1","1","1","0","1","1","0","1","0","0","0","0","0","1","0","1","0","0","0","0","1","levi","18/11/2025 15:18:03","levi","18/11/2025 15:18:03"
"93","0","乳腺癌39基因报告","","乳腺癌39基因检测报告","1","0","1","1","1","0","0","0","0","0","0","0","0","0","0","0","0","0","0","0","0","0","0","0","1","1","0","0","1","0","0","0","0","0","0","0","0","0","0","0","0","0","0","0","1","0","0","0","0","0","0","0","0","0","0","0","0","0","1","0","1","0","0","0","0","0","0","0","0","0","0","0","0","1","0","0","1","0","0","11","0","0","0","0","0","1","0","1","0","0","0","0","0","levi","19/5/2025 18:43:19","levi","19/5/2025 18:43:24"
"94","0","实体瘤分子残留病灶(MRD)组织1238基因报告","","实体瘤分子残留病灶（MRD）组织1238基因检测报告","1","0","1","1","1","0","0","1","0","0","0","0","0","1","0","1","0","0","0","0","1","0","0","0","1","1","0","0","1","1","1","1","1","1","1","0","0","0","0","1","1","0","0","1","0","1","1","0","1","1","1","1","1","1","0","0","1","1","1","0","1","0","0","0","0","1","0","0","0","0","0","0","0","1","1","0","1","1","0","1","0","0","1","1","0","1","0","1","0","0","1","0","0","levi","18/11/2025 15:18:08","levi","18/11/2025 15:18:08"
"95","0","消化道肿瘤50基因检测报告-单样本-非盖章版","","消化道肿瘤50基因检测报告","1","0","1","1","1","0","0","0","0","0","0","0","0","0","0","0","0","0","0","0","0","0","1","0","0","0","0","0","1","0","0","1","0","0","0","0","0","0","0","1","0","0","0","0","1","0","0","0","0","0","1","0","0","0","0","0","0","0","1","0","1","0","0","0","0","0","0","0","0","0","0","0","0","1","0","0","1","0","0","1","0","0","0","0","0","1","0","1","0","0","0","0","0","levi","16/5/2025 17:33:13","levi","16/5/2025 17:33:15"
"96","0","肺癌49报告","","肺癌49基因检测报告","1","0","1","1","1","0","0","0","0","0","0","0","0","0","0","0","0","0","0","0","0","0","1","0","0","0","0","0","1","0","0","0","0","0","0","0","0","0","0","0","0","0","0","0","1","0","0","0","0","0","0","0","0","0","0","0","0","0","0","0","1","0","0","0","0","0","0","0","0","0","0","0","0","1","0","0","1","0","0","1","0","0","0","0","0","1","0","1","0","0","0","0","0","levi","16/5/2025 17:33:52","levi","16/5/2025 17:33:55"
"97","0","988_HRDscore基因报告","","实体瘤988基因+同源重组修复缺陷评分（HRD score）检测报告","1","0","1","1","1","0","0","1","1","1","1","0","0","1","0","0","0","0","0","0","1","0","0","0","1","1","0","0","1","0","1","1","1","1","1","0","0","0","0","1","1","0","1","1","0","1","1","0","0","1","1","1","1","1","0","0","0","1","1","0","1","0","0","0","0","1","0","1","1","0","0","1","1","1","1","0","1","1","0","1","0","0","0","0","0","1","0","1","0","0","0","0","0","levi","18/11/2025 15:18:11","levi","18/11/2025 15:18:11"
"98","0","NOVO泛癌种1238检测报告-湖南省中医研","","实体瘤1238基因检测报告","1","0","1","1","1","0","0","1","0","0","0","0","0","1","0","1","0","0","0","0","1","0","0","0","1","1","0","0","1","1","1","1","1","1","1","0","0","0","0","1","1","0","0","1","0","1","1","0","0","1","1","1","1","1","0","0","1","0","1","0","1","0","0","0","0","1","0","0","0","0","0","0","0","1","1","0","1","1","0","1","0","0","1","1","0","1","0","1","0","0","1","0","0","levi","28/5/2025 20:41:56","levi","28/5/2025 20:41:56"
"99","0","泛实体瘤188基因检测报告-湖南省中医研","","实体瘤188基因检测报告","1","0","1","1","1","0","0","1","0","0","0","0","0","1","0","1","0","0","0","0","1","0","0","0","1","1","0","0","1","1","0","1","1","0","0","0","0","0","0","1","1","0","0","1","0","1","1","0","0","0","1","1","0","0","0","0","1","0","1","0","1","0","0","0","0","1","0","0","0","0","0","0","0","1","1","0","1","1","0","1","0","0","1","1","0","1","0","1","0","0","1","0","0","levi","28/5/2025 20:42:00","levi","28/5/2025 20:42:00"
"100","0","消化道肿瘤50基因检测报告-双样本-湖南省中医研","","消化道肿瘤50基因检测报告","1","0","1","1","1","0","0","0","0","0","0","0","0","0","0","0","0","0","0","0","0","0","0","0","1","1","0","0","1","0","0","1","1","0","0","0","0","0","0","1","0","0","0","0","0","1","1","0","0","0","1","1","0","0","0","0","0","0","1","0","1","0","0","0","0","0","0","0","0","0","0","0","0","1","0","0","1","0","0","1","0","0","0","0","0","1","0","1","0","0","0","0","0","levi","16/3/2025 23:46:37","levi","16/3/2025 23:46:47"
"101","0","泛癌种825基因检测报告","","实体瘤1238基因检测报告","1","0","1","1","1","0","0","1","0","0","0","0","0","1","0","1","0","0","0","0","1","0","0","0","1","1","0","0","1","1","1","1","1","1","1","0","0","0","0","1","1","0","0","1","0","1","1","0","0","1","1","1","1","1","0","0","1","0","1","0","1","0","0","0","0","1","0","0","0","0","0","0","0","1","1","0","1","1","0","1","0","0","1","1","0","1","0","1","0","0","1","0","0","levi","28/5/2025 20:41:56","levi","28/5/2025 20:41:56"
"102","0","肺癌49检测报告-湖南省中医研","","肺癌49基因检测报告","1","0","1","1","1","0","0","0","0","0","0","0","0","0","0","0","0","0","0","0","0","0","1","0","0","0","0","0","1","0","0","0","0","0","0","0","0","0","0","0","0","0","0","0","1","0","0","0","0","0","0","0","0","0","0","0","0","0","0","0","1","0","0","0","0","0","0","0","0","0","0","0","0","1","0","0","1","0","0","1","0","0","0","0","0","1","0","1","0","0","0","0","0","levi","16/5/2025 17:33:52","levi","16/5/2025 17:33:55"
"103","0","泛癌种个体化诊疗680基因突变检测报告-简单版","","实体瘤1238基因检测报告","1","0","1","1","1","0","0","1","0","0","0","0","0","1","0","1","0","0","0","0","1","0","0","0","1","1","0","0","1","1","1","1","1","1","1","0","0","0","0","1","1","0","0","1","0","1","1","0","0","1","1","1","1","1","0","0","1","0","1","0","1","0","0","0","0","1","0","0","0","0","0","0","0","1","1","0","1","1","0","1","0","0","1","1","0","1","0","1","0","0","1","0","0","levi","28/5/2025 20:41:56","levi","28/5/2025 20:41:56"
"104","0","泛癌种个体化诊疗680基因突变检测报告-完整版","","实体瘤1238基因检测报告","1","0","1","1","1","0","0","1","0","0","0","0","0","1","0","1","0","0","0","0","1","0","0","0","1","1","0","0","1","1","1","1","1","1","1","0","0","0","0","1","1","0","0","1","0","1","1","0","0","1","1","1","1","1","0","0","1","0","1","0","1","0","0","0","0","1","0","0","0","0","0","0","0","1","1","0","1","1","0","1","0","0","1","1","0","1","0","1","0","0","1","0","0","levi","28/5/2025 20:41:56","levi","28/5/2025 20:41:56"
"105","0","泛癌种500基因检测报告-简单版","","实体瘤1238基因检测报告","1","0","1","1","1","0","0","1","0","0","0","0","0","1","0","1","0","0","0","0","1","0","0","0","1","1","0","0","1","1","1","1","1","1","1","0","0","0","0","1","1","0","0","1","0","1","1","0","0","1","1","1","1","1","0","0","1","1","1","0","1","0","0","0","0","1","0","0","0","0","0","0","0","1","1","0","1","1","0","1","0","0","1","1","0","1","0","1","0","0","1","0","0","levi","2/12/2025 15:09:46","levi","2/12/2025 15:09:46"
"106","0","泛癌种500基因检测报告-完整版-病理科","","实体瘤1238基因检测报告","1","0","1","1","1","0","0","1","0","0","0","0","0","1","0","1","0","0","0","0","1","0","0","0","1","1","0","0","1","1","1","1","1","1","1","0","0","0","0","1","1","0","0","1","0","1","1","0","0","1","1","1","1","1","0","0","1","1","1","0","1","0","0","0","0","1","0","0","0","0","0","0","0","1","1","0","1","1","0","1","0","0","1","1","0","1","0","1","0","0","1","0","0","levi","2/12/2025 15:10:08","levi","2/12/2025 15:10:08"
"107","0","泛癌种86基因检测报告-单样本-完整版-病理科","","实体瘤86基因检测报告","1","0","1","1","1","0","0","0","0","0","0","0","0","0","0","0","0","0","0","0","0","0","1","0","0","0","0","0","1","0","0","1","0","0","0","0","0","0","0","1","0","0","0","0","1","0","0","0","0","0","1","0","0","0","0","0","0","0","1","0","1","0","0","0","0","0","0","0","0","0","0","0","0","1","0","0","1","0","0","1","0","0","0","0","0","1","0","1","0","0","0","0","0","levi","20/5/2025 15:35:33","levi","20/5/2025 15:35:33"
"108","0","泛癌种73基因检测报告","","实体瘤86基因检测报告","1","0","1","1","1","0","0","0","0","0","0","0","0","0","0","0","0","0","0","0","0","0","0","0","1","1","0","0","1","0","0","1","1","0","0","0","0","0","0","1","0","0","0","0","0","1","1","0","0","0","1","1","0","0","0","0","0","0","1","0","1","0","0","0","0","0","0","0","0","0","0","0","0","1","0","0","1","0","0","1","0","0","0","0","0","1","0","1","0","0","0","0","0","levi","25/3/2025 19:31:08","levi","25/3/2025 19:31:08"
"109","0","泛癌种50基因检测报告-简单版","","实体瘤86基因检测报告","1","0","1","1","1","0","0","0","0","0","0","0","0","0","0","0","0","0","0","0","0","0","0","0","1","1","0","0","1","0","0","1","1","0","0","0","0","0","0","1","0","0","0","0","0","1","1","0","0","0","1","1","0","0","0","0","0","0","1","0","1","0","0","0","0","0","0","0","0","0","0","0","0","1","0","0","1","0","0","1","0","0","0","0","0","1","0","1","0","0","0","0","0","levi","25/3/2025 19:31:08","levi","25/3/2025 19:31:08"
"110","0","泛癌种50基因检测报告-完整版-病理科","","实体瘤86基因检测报告","1","0","1","1","1","0","0","0","0","0","0","0","0","0","0","0","0","0","0","0","0","0","0","0","1","1","0","0","1","0","0","1","1","0","0","0","0","0","0","1","0","0","0","0","0","1","1","0","0","0","1","1","0","0","0","0","0","0","1","0","1","0","0","0","0","0","0","0","0","0","0","0","0","1","0","0","1","0","0","1","0","0","0","0","0","1","0","1","0","0","0","0","0","levi","25/3/2025 19:31:08","levi","25/3/2025 19:31:08"
"111","0","甲状腺癌24检测报告-双样本-简单版","","甲状腺癌38基因检测报告","1","0","1","1","0","0","0","1","0","0","0","0","0","0","0","0","0","0","0","0","1","0","0","0","1","1","0","0","1","0","0","1","0","0","0","0","0","0","0","0","0","0","0","1","0","1","1","0","0","0","1","0","0","0","0","0","0","0","0","0","1","0","0","0","0","0","0","0","0","0","0","0","0","1","0","0","1","0","0","1","0","0","0","0","0","1","0","1","0","0","0","0","0","levi","19/6/2025 14:38:38","levi","19/6/2025 14:38:38"
"112","0","甲状腺癌24检测报告-双样本-完整版","","甲状腺癌38基因检测报告","1","0","1","1","0","0","0","1","0","0","0","0","0","0","0","0","0","0","0","0","1","0","0","0","1","1","0","0","1","0","0","1","0","0","0","0","0","0","0","0","0","0","0","1","0","1","1","0","0","0","1","0","0","0","0","0","0","0","0","0","1","0","0","0","0","0","0","0","0","0","0","0","0","1","0","0","1","0","0","1","0","0","0","0","0","1","0","1","0","0","0","0","0","levi","19/6/2025 14:38:38","levi","19/6/2025 14:38:38"
"113","0","HRR45_HRDscore基因检测报告-简单版","","肿瘤同源重组修复缺陷（HRD pro）专业版检测报告","1","0","1","1","1","0","0","0","1","1","1","0","0","0","0","0","0","0","0","0","0","0","0","0","1","1","0","0","1","0","0","0","0","0","0","0","0","0","0","0","0","0","1","0","0","1","1","0","0","0","0","0","0","0","0","0","0","0","0","0","1","0","0","0","0","0","0","0","1","1","1","1","1","0","0","0","1","0","0","1","0","0","0","0","0","1","0","1","0","0","0","0","0","levi","16/3/2025 23:39:48","levi","16/3/2025 23:39:52"
"114","0","HRR45_HRDscore基因检测报告-完整版-病理科","","肿瘤同源重组修复缺陷（HRD pro）专业版检测报告","1","0","1","1","1","0","0","0","1","1","1","0","0","0","0","0","0","0","0","0","0","0","0","0","1","1","0","0","1","0","0","0","0","0","0","0","0","0","0","0","0","0","1","0","0","1","1","0","0","0","0","0","0","0","0","0","0","0","0","0","1","0","0","0","0","0","0","0","1","1","1","1","1","0","0","0","1","0","0","1","0","0","0","0","0","1","0","1","0","0","0","0","0","levi","16/3/2025 23:39:48","levi","16/3/2025 23:39:52"
"115","0","泛癌种86基因检测报告-单样本-简单版","","实体瘤86基因检测报告","1","0","1","1","1","0","0","0","0","0","0","0","0","0","0","0","0","0","0","0","0","0","1","0","0","0","0","0","1","0","0","1","0","0","0","0","0","0","0","1","0","0","0","0","1","0","0","0","0","0","1","0","0","0","0","0","0","0","1","0","1","0","0","0","0","0","0","0","0","0","0","0","0","1","0","0","1","0","0","1","0","0","0","0","0","1","0","1","0","0","0","0","0","levi","20/5/2025 15:35:33","levi","20/5/2025 15:35:33"
"116","0","肺癌86基因报告-单样本","","肺癌86基因检测报告","1","0","1","1","1","0","0","0","0","0","0","0","0","0","0","0","0","0","0","0","0","0","1","0","0","0","0","0","1","0","0","1","0","0","0","0","0","0","0","1","0","0","0","0","1","0","0","0","0","0","1","0","0","0","0","0","0","0","1","0","1","0","0","0","0","0","0","0","0","0","0","0","0","1","0","0","1","0","0","1","0","0","0","0","0","1","0","1","0","0","0","0","0","levi","24/7/2025 13:38:35","levi","24/7/2025 13:38:35"
"117","0","肺癌86基因报告-单样本-盖章版","","肺癌86基因检测报告","1","0","1","1","1","0","0","0","0","0","0","0","0","0","0","0","0","0","0","0","0","0","1","0","0","0","0","0","1","0","0","1","0","0","0","0","0","0","0","1","0","0","0","0","1","0","0","0","0","0","1","0","0","0","0","0","0","0","1","0","1","0","0","0","0","0","0","0","0","0","0","0","0","1","0","0","1","0","0","1","0","0","0","0","0","1","0","1","0","0","0","0","0","levi","24/7/2025 13:38:35","levi","24/7/2025 13:38:35"
"118","0","肺癌188基因报告-单样本","","肺癌188基因检测报告","1","0","1","1","1","0","0","1","0","0","0","0","0","0","0","0","0","0","0","0","1","0","1","0","0","0","0","0","1","0","0","1","0","0","0","0","0","0","0","1","1","0","0","1","1","0","0","0","0","0","1","0","0","0","0","0","0","0","1","0","1","0","0","0","0","0","0","0","0","0","0","0","0","1","0","0","1","0","0","1","0","0","0","0","0","1","0","1","0","0","0","0","0","levi","28/5/2025 20:41:37","levi","28/5/2025 20:41:37"
"119","0","肺癌188基因报告-单样本-盖章版","","肺癌188基因检测报告","1","0","1","1","1","0","0","1","0","0","0","0","0","0","0","0","0","0","0","0","1","0","1","0","0","0","0","0","1","0","0","1","0","0","0","0","0","0","0","1","1","0","0","1","1","0","0","0","0","0","1","0","0","0","0","0","0","0","1","0","1","0","0","0","0","0","0","0","0","0","0","0","0","1","0","0","1","0","0","1","0","0","0","0","0","1","0","1","0","0","0","0","0","levi","28/5/2025 20:41:37","levi","28/5/2025 20:41:37"
"120","0","NovoPM1.0检测报告-苏州市立医院","","实体瘤550基因检测报告","1","0","1","1","1","0","0","1","0","0","0","0","0","1","0","0","0","0","0","0","1","0","0","0","1","1","0","0","1","1","1","1","1","1","1","0","1","0","1","1","1","0","0","1","0","1","1","0","0","1","1","1","1","1","1","0","1","0","1","0","1","0","0","0","0","0","0","1","0","0","0","0","0","1","1","0","1","0","0","1","0","0","0","0","1","1","0","0","0","0","0","1","0","levi","9/9/2025 16:41:45","levi","9/9/2025 16:41:45"
"121","0","NovoPM1.0检测报告-简版-苏州市立医院","","实体瘤550基因检测报告","1","0","1","1","1","0","0","1","0","0","0","0","0","1","0","0","0","0","0","0","1","0","0","0","1","1","0","0","1","1","1","1","1","1","1","0","1","0","1","1","1","0","0","1","0","1","1","0","0","1","1","1","1","1","1","0","1","0","1","0","1","0","0","0","0","0","0","1","0","0","0","0","0","1","1","0","1","0","0","1","0","0","0","0","1","1","0","0","0","0","0","1","0","levi","9/9/2025 16:41:50","levi","9/9/2025 16:41:50"
"122","0","NOVO泛癌种1238检测报告-苏州市立医院","","实体瘤1238基因检测报告","1","0","1","1","1","0","0","1","0","0","0","0","0","1","0","0","0","0","0","0","1","0","0","0","1","1","0","0","1","1","1","1","1","1","1","0","1","0","1","1","1","0","0","1","0","1","1","0","0","1","1","1","1","1","1","0","1","0","1","0","1","0","0","0","0","0","0","1","0","0","0","0","0","1","0","0","1","0","0","1","0","0","0","0","1","1","0","0","0","0","0","1","0","levi","9/9/2025 16:42:01","levi","9/9/2025 16:42:01"
"123","0","NOVO泛癌种1238检测报告-简版-苏州市立医院","","实体瘤1238基因检测报告","1","0","1","1","1","0","0","1","0","0","0","0","0","1","0","0","0","0","0","0","1","0","0","0","1","1","0","0","1","1","1","1","1","1","1","0","1","0","1","1","1","0","0","1","0","1","1","0","0","1","1","1","1","1","1","0","1","0","1","0","1","0","0","0","0","0","0","1","0","0","0","0","0","1","0","0","1","0","0","1","0","0","0","0","1","1","0","0","0","0","0","1","0","levi","9/9/2025 16:42:06","levi","9/9/2025 16:42:06"
"124","0","泛癌种86基因检测报告-单样本-简版-苏州市立医院","","实体瘤86基因检测报告","1","0","1","1","1","0","0","0","0","0","0","0","0","0","0","0","0","0","0","0","0","0","1","0","0","0","0","0","1","0","0","1","0","0","0","0","0","0","1","0","0","0","0","0","1","0","0","0","0","0","1","0","0","0","0","0","0","0","1","0","1","0","0","0","0","0","0","0","0","0","0","0","0","1","0","0","1","0","0","1","0","0","0","0","1","1","0","0","0","0","0","1","0","levi","28/8/2025 16:51:55","levi","28/8/2025 16:52:03"
"125","0","泛癌种86基因检测报告-单样本-苏州市立医院","","实体瘤86基因检测报告","1","0","1","1","1","0","0","0","0","0","0","0","0","0","0","0","0","0","0","0","0","0","1","0","0","0","0","0","1","0","0","1","0","0","0","0","0","0","1","0","0","0","0","0","1","0","0","0","0","0","1","0","0","0","0","0","0","0","1","0","1","0","0","0","0","0","0","0","0","0","0","0","0","1","0","0","1","0","0","1","0","0","0","0","1","1","0","0","0","0","0","1","0","levi","28/8/2025 16:51:55","levi","28/8/2025 16:52:03"
"126","0","泛实体瘤188基因检测报告-单样本-简版-苏州市立医院","","实体瘤188基因检测报告","1","0","1","1","1","0","0","1","0","0","0","0","0","0","0","0","0","0","0","0","1","0","1","0","0","0","0","0","1","0","0","1","0","0","0","0","0","0","1","0","1","0","0","1","1","0","0","0","0","0","1","0","0","0","0","0","0","0","1","0","1","0","0","0","0","0","0","0","0","0","0","0","0","1","0","0","1","0","0","1","0","0","0","0","1","1","0","0","0","0","0","1","0","levi","28/8/2025 16:56:31","levi","28/8/2025 16:56:37"
"127","0","泛实体瘤188基因检测报告-单样本-苏州市立医院","","实体瘤188基因检测报告","1","0","1","1","1","0","0","1","0","0","0","0","0","0","0","0","0","0","0","0","1","0","1","0","0","0","0","0","1","0","0","1","0","0","0","0","0","0","1","0","1","0","0","1","1","0","0","0","0","0","1","0","0","0","0","0","0","0","1","0","1","0","0","0","0","0","0","0","0","0","0","0","0","1","0","0","1","0","0","1","0","0","0","0","1","1","0","0","0","0","0","1","0","levi","28/8/2025 16:56:31","levi","28/8/2025 16:56:37"
"128","0","肺癌11基因检测报告-简版-苏州市立医院","","肺癌11基因检测报告","1","0","1","1","1","0","0","0","0","0","0","0","0","0","0","0","0","0","0","0","0","0","1","0","0","0","0","0","1","0","0","0","0","0","0","0","0","0","1","0","0","0","0","0","1","0","0","0","0","0","0","0","0","0","0","0","0","0","0","0","1","0","0","0","0","0","0","0","0","0","0","0","0","1","0","0","1","0","0","1","0","0","0","0","1","1","0","0","0","0","0","1","0","levi","28/5/2025 22:36:00","levi","28/5/2025 22:36:00"
"129","0","肺癌11基因检测报告-苏州市立医院","","肺癌11基因检测报告","1","0","1","1","1","0","0","0","0","0","0","0","0","0","0","0","0","0","0","0","0","0","1","0","0","0","0","0","1","0","0","0","0","0","0","0","0","0","1","0","0","0","0","0","1","0","0","0","0","0","0","0","0","0","0","0","0","0","0","0","1","0","0","0","0","0","0","0","0","0","0","0","0","1","0","0","1","0","0","1","0","0","0","0","1","1","0","0","0","0","0","1","0","levi","28/5/2025 22:36:00","levi","28/5/2025 22:36:00"
"130","0","肺癌49检测报告-简版-苏州市立医院","","肺癌49基因检测报告","1","0","1","1","1","0","0","0","0","0","0","0","0","0","0","0","0","0","0","0","0","0","1","0","0","0","0","0","1","0","0","0","0","0","0","0","0","0","1","0","0","0","0","0","1","0","0","0","0","0","0","0","0","0","0","0","0","0","0","0","1","0","0","0","0","0","0","0","0","0","0","0","0","1","0","0","1","0","0","1","0","0","0","0","1","1","0","0","0","0","0","1","0","levi","30/5/2025 10:40:00","levi","30/5/2025 10:40:00"
"131","0","肺癌49检测报告-苏州市立医院","","肺癌49基因检测报告","1","0","1","1","1","0","0","0","0","0","0","0","0","0","0","0","0","0","0","0","0","0","1","0","0","0","0","0","1","0","0","0","0","0","0","0","0","0","1","0","0","0","0","0","1","0","0","0","0","0","0","0","0","0","0","0","0","0","0","0","1","0","0","0","0","0","0","0","0","0","0","0","0","1","0","0","1","0","0","1","0","0","0","0","1","1","0","0","0","0","0","1","0","levi","30/5/2025 10:40:00","levi","30/5/2025 10:40:00"
"132","0","消化道肿瘤50基因检测报告-单样本-简版-苏州市立医院","","消化道肿瘤50基因检测报告","1","0","1","1","1","0","0","0","0","0","0","0","0","0","0","0","0","0","0","0","0","0","1","0","0","0","0","0","1","0","0","1","0","0","0","0","0","0","1","1","0","0","0","0","1","0","0","0","0","0","1","0","0","0","0","0","0","0","1","0","1","0","0","0","0","0","0","0","0","0","0","0","0","1","0","0","1","0","0","1","0","0","0","0","1","1","0","0","0","0","0","1","0","levi","28/5/2025 20:41:00","levi","28/5/2025 20:41:00"
"133","0","消化道肿瘤50基因检测报告-单样本-苏州市立医院","","消化道肿瘤50基因检测报告","1","0","1","1","1","0","0","0","0","0","0","0","0","0","0","0","0","0","0","0","0","0","1","0","0","0","0","0","1","0","0","1","0","0","0","0","0","0","1","1","0","0","0","0","1","0","0","0","0","0","1","0","0","0","0","0","0","0","1","0","1","0","0","0","0","0","0","0","0","0","0","0","0","1","0","0","1","0","0","1","0","0","0","0","1","1","0","0","0","0","0","1","0","levi","28/5/2025 20:41:00","levi","28/5/2025 20:41:00"
"134","0","HRR45_HRDscore基因检测报告-苏州市立医院","","肿瘤同源重组修复缺陷（HRD pro）专业版检测报告","1","0","1","1","1","0","0","0","1","1","1","0","0","0","0","0","0","0","0","0","0","0","0","0","1","1","0","0","1","0","0","0","0","0","0","0","0","0","1","0","0","0","1","0","0","1","1","0","0","0","0","0","0","0","0","0","0","0","0","0","1","0","0","0","0","0","0","0","1","1","1","1","1","0","0","0","1","0","0","1","0","0","0","0","1","1","0","0","0","0","0","1","0","levi","28/5/2025 22:37:00","levi","28/5/2025 22:37:00"
"135","0","HRR45_HRDscore基因检测报告-苏州市立医院","","肿瘤同源重组修复缺陷（HRD pro）专业版检测报告","1","0","1","1","1","0","0","0","1","1","1","0","0","0","0","0","0","0","0","0","0","0","0","0","1","1","0","0","1","0","0","0","0","0","0","0","0","0","1","0","0","0","1","0","0","1","1","0","0","0","0","0","0","0","0","0","0","0","0","0","1","0","0","0","0","0","0","0","1","1","1","1","1","0","0","0","1","0","0","1","0","0","0","0","1","1","0","0","0","0","0","1","0","levi","28/5/2025 22:37:00","levi","28/5/2025 22:37:00"
"136","0","肺癌68基因检测报告-单样本-简版-苏州市立医院","","肺癌68基因检测报告","1","0","1","1","1","0","0","0","0","0","0","0","0","0","0","0","0","0","0","0","0","0","1","0","0","0","0","0","1","0","0","0","0","0","0","0","0","0","1","1","0","0","0","0","1","0","0","0","0","0","0","0","0","0","0","0","0","0","1","0","1","0","0","0","0","0","0","0","0","0","0","0","0","1","0","0","1","0","0","1","0","0","0","0","1","1","0","0","0","0","0","1","0","levi","28/5/2025 22:37:00","levi","28/5/2025 22:37:00"
"137","0","肺癌68基因检测报告-单样本-苏州市立医院","","肺癌68基因检测报告","1","0","1","1","1","0","0","0","0","0","0","0","0","0","0","0","0","0","0","0","0","0","1","0","0","0","0","0","1","0","0","0","0","0","0","0","0","0","1","1","0","0","0","0","1","0","0","0","0","0","0","0","0","0","0","0","0","0","1","0","1","0","0","0","0","0","0","0","0","0","0","0","0","1","0","0","1","0","0","1","0","0","0","0","1","1","0","0","0","0","0","1","0","levi","28/5/2025 22:37:00","levi","28/5/2025 22:37:00"
"138","0","肠癌11基因检测报告-简版-苏州市立医院","","结直肠癌11基因检测报告","1","0","1","1","1","0","0","0","0","0","0","0","0","0","0","0","0","0","0","0","0","0","1","0","0","0","0","0","1","0","0","0","0","0","0","0","0","0","1","0","0","0","0","0","1","0","0","0","0","0","0","0","0","0","0","0","0","0","1","0","1","0","0","0","0","0","0","0","0","0","0","0","0","1","0","0","1","0","0","1","0","0","0","0","1","1","0","0","0","0","0","1","0","levi","28/5/2025 22:37:00","levi","28/5/2025 22:37:00"
"139","0","肠癌11基因检测报告-苏州市立医院","","结直肠癌11基因检测报告","1","0","1","1","1","0","0","0","0","0","0","0","0","0","0","0","0","0","0","0","0","0","1","0","0","0","0","0","1","0","0","0","0","0","0","0","0","0","1","0","0","0","0","0","1","0","0","0","0","0","0","0","0","0","0","0","0","0","1","0","1","0","0","0","0","0","0","0","0","0","0","0","0","1","0","0","1","0","0","1","0","0","0","0","1","1","0","0","0","0","0","1","0","levi","28/5/2025 22:37:00","levi","28/5/2025 22:37:00"
"140","0","消化道肿瘤50基因检测报告-双样本-简版-苏州市立医院","","消化道肿瘤50基因检测报告","1","0","1","1","1","0","0","0","0","0","0","0","0","0","0","0","0","0","0","0","0","0","0","0","1","1","0","0","1","0","0","1","1","0","0","0","0","0","1","1","0","0","0","0","0","1","1","0","0","0","1","1","0","0","0","0","0","0","1","0","1","0","0","0","0","0","0","0","0","0","0","0","0","1","0","0","1","0","0","1","0","0","0","0","1","1","0","0","0","0","0","1","0","levi","3/9/2025 17:55:40","levi","3/9/2025 17:55:40"
"141","0","消化道肿瘤50基因检测报告-双样本-苏州市立医院","","消化道肿瘤50基因检测报告","1","0","1","1","1","0","0","0","0","0","0","0","0","0","0","0","0","0","0","0","0","0","0","0","1","1","0","0","1","0","0","1","1","0","0","0","0","0","1","1","0","0","0","0","0","1","1","0","0","0","1","1","0","0","0","0","0","0","1","0","1","0","0","0","0","0","0","0","0","0","0","0","0","1","0","0","1","0","0","1","0","0","0","0","1","1","0","0","0","0","0","1","0","levi","3/9/2025 17:55:43","levi","3/9/2025 17:55:43"
"142","0","泛实体瘤188基因检测报告-简版-苏州市立医院","","实体瘤188基因检测报告","1","0","1","1","1","0","0","1","0","0","0","0","0","1","0","0","0","0","0","0","1","0","0","0","1","1","0","0","1","1","0","1","1","0","0","0","0","0","1","0","1","0","0","1","0","1","1","0","0","0","1","1","0","0","0","0","1","0","1","0","1","0","0","0","0","0","0","1","0","0","0","0","0","1","0","0","1","0","0","1","0","0","0","0","1","1","0","0","0","0","0","1","0","levi","28/5/2025 20:41:00","levi","28/5/2025 20:41:00"
"143","0","泛实体瘤188基因检测报告-苏州市立医院","","实体瘤188基因检测报告","1","0","1","1","1","0","0","1","0","0","0","0","0","1","0","0","0","0","0","0","1","0","0","0","1","1","0","0","1","1","0","1","1","0","0","0","0","0","1","1","1","0","0","1","0","1","1","0","0","0","1","1","0","0","0","0","1","0","1","0","1","0","0","0","0","0","0","1","0","0","0","0","0","1","0","0","1","0","0","1","0","0","0","0","1","1","0","0","0","0","0","1","0","levi","3/9/2025 18:29:28","levi","3/9/2025 18:29:28"
"144","0","泛癌种86基因检测报告-简版-苏州市立医院","","实体瘤86基因检测报告","1","0","1","1","1","0","0","0","0","0","0","0","0","0","0","0","0","0","0","0","0","0","0","0","1","1","0","0","1","0","0","1","1","0","0","0","0","0","1","0","0","0","0","0","0","1","1","0","0","0","1","1","0","0","0","0","0","0","1","0","1","0","0","0","0","0","0","0","0","0","0","0","0","1","0","0","1","0","0","1","0","0","0","0","1","1","0","0","0","0","0","1","0","levi","15/9/2025 16:14:32","levi","15/9/2025 16:14:32"
"145","0","泛癌种86基因检测报告-苏州市立医院","","实体瘤86基因检测报告","1","0","1","1","1","0","0","0","0","0","0","0","0","0","0","0","0","0","0","0","0","0","0","0","1","1","0","0","1","0","0","1","1","0","0","0","0","0","1","0","0","0","0","0","0","1","1","0","0","0","1","1","0","0","0","0","0","0","1","0","1","0","0","0","0","0","0","0","0","0","0","0","0","1","0","0","1","0","0","1","0","0","0","0","1","1","0","0","0","0","0","1","0","levi","25/3/2025 19:31:00","levi","25/3/2025 19:31:00"
"146","0","实体瘤462基因检测报告-简版-苏州市立医院","","实体瘤462基因检测报告","1","0","1","1","1","0","0","1","0","0","0","0","0","1","0","0","0","0","0","0","1","0","0","0","1","1","0","0","1","1","1","1","1","1","1","0","0","0","1","1","1","0","0","1","0","1","1","0","0","1","1","1","1","1","0","0","1","0","1","0","1","0","0","0","0","0","0","1","0","0","0","0","0","1","0","0","1","0","0","1","0","0","0","0","0","1","0","0","0","0","0","1","0","levi","16/3/2025 23:36:00","levi","16/3/2025 23:36:00"
"147","0","实体瘤462基因检测报告-苏州市立医院","","实体瘤462基因检测报告","1","0","1","1","1","0","0","1","0","0","0","0","0","1","0","0","0","0","0","0","1","0","0","0","1","1","0","0","1","1","1","1","1","1","1","0","0","0","1","1","1","0","0","1","0","1","1","0","0","1","1","1","1","1","0","0","1","0","1","0","1","0","0","0","0","0","0","1","0","0","0","0","0","1","0","0","1","0","0","1","0","0","0","0","0","1","0","0","0","0","0","1","0","levi","16/3/2025 23:36:00","levi","16/3/2025 23:36:00"
"148","0","子宫内膜癌检测报告-简版-苏州市立医院","","子宫内膜癌检测报告","1","0","1","1","0","0","0","0","0","0","0","0","0","1","0","0","0","0","0","0","0","0","0","0","1","1","0","0","1","0","0","1","0","0","0","0","0","0","1","0","0","0","0","0","0","1","1","0","0","0","1","0","0","0","0","0","0","0","0","0","1","0","0","0","0","0","0","1","0","0","0","0","0","0","0","0","1","0","0","1","0","0","0","0","1","1","0","0","0","0","0","1","0","levi","16/3/2025 23:39:00","levi","16/3/2025 23:39:00"
"149","0","子宫内膜癌检测报告-苏州市立医院","","子宫内膜癌检测报告","1","0","1","1","0","0","0","0","0","0","0","0","0","1","0","0","0","0","0","0","0","0","0","0","1","1","0","0","1","0","0","1","0","0","0","0","0","0","1","0","0","0","0","0","0","1","1","0","0","0","1","0","0","0","0","0","0","0","0","0","1","0","0","0","0","0","0","1","0","0","0","0","0","0","0","0","1","0","0","1","0","0","0","0","1","1","0","0","0","0","0","1","0","levi","16/3/2025 23:39:00","levi","16/3/2025 23:39:00"
"150","0","泛癌种86基因检测报告-单样本-简版-苏州市立医院-本部&北区","","实体瘤86基因检测报告","1","0","1","1","1","0","0","0","0","0","0","0","0","0","0","0","0","0","0","0","0","0","1","0","0","0","0","0","1","0","0","1","0","0","0","0","0","0","1","0","0","0","0","0","1","0","0","0","0","0","1","0","0","0","0","0","0","0","1","0","1","0","0","0","0","0","0","0","0","0","0","0","0","1","0","0","1","0","0","1","0","0","0","0","1","1","0","0","0","0","0","1","0","levi","16/3/2025 23:42:00","levi","16/3/2025 23:42:00"
"151","0","泛癌种86基因检测报告-单样本-苏州市立医院-本部&北区","","实体瘤86基因检测报告","1","0","1","1","1","0","0","0","0","0","0","0","0","0","0","0","0","0","0","0","0","0","1","0","0","0","0","0","1","0","0","1","0","0","0","0","0","0","1","0","0","0","0","0","1","0","0","0","0","0","1","0","0","0","0","0","0","0","1","0","1","0","0","0","0","0","0","0","0","0","0","0","0","1","0","0","1","0","0","1","0","0","0","0","1","1","0","0","0","0","0","1","0","levi","16/3/2025 23:42:00","levi","16/3/2025 23:42:00"
"152","0","肺癌11基因检测报告-简版-苏州市立医院-本部&北区","","肺癌11基因检测报告","1","0","1","1","1","0","0","0","0","0","0","0","0","0","0","0","0","0","0","0","0","0","1","0","0","0","0","0","1","0","0","0","0","0","0","0","0","0","1","0","0","0","0","0","1","0","0","0","0","0","0","0","0","0","0","0","0","0","0","0","1","0","0","0","0","0","0","0","0","0","0","0","0","1","0","0","1","0","0","1","0","0","0","0","1","1","0","0","0","0","0","1","0","levi","16/3/2025 23:46:00","levi","16/3/2025 23:46:00"
"153","0","肺癌11基因检测报告-苏州市立医院-本部&北区","","肺癌11基因检测报告","1","0","1","1","1","0","0","0","0","0","0","0","0","0","0","0","0","0","0","0","0","0","1","0","0","0","0","0","1","0","0","0","0","0","0","0","0","0","1","0","0","0","0","0","1","0","0","0","0","0","0","0","0","0","0","0","0","0","0","0","1","0","0","0","0","0","0","0","0","0","0","0","0","1","0","0","1","0","0","1","0","0","0","0","1","1","0","0","0","0","0","1","0","levi","16/3/2025 23:46:00","levi","16/3/2025 23:46:00"
"154","0","肺癌49检测报告-苏州市立医院-本部&北区","","肺癌49基因检测报告","1","0","1","1","1","0","0","0","0","0","0","0","0","0","0","0","0","0","0","0","0","0","1","0","0","0","0","0","1","0","0","0","0","0","0","0","0","0","1","0","0","0","0","0","1","0","0","0","0","0","0","0","0","0","0","0","0","0","0","0","1","0","0","0","0","0","0","0","0","0","0","0","0","1","0","0","1","0","0","1","0","0","0","0","1","1","0","0","0","0","0","1","0","levi","13/6/2025 16:04:00","levi","13/6/2025 16:04:00"
"155","0","肺癌49检测报告-简版-苏州市立医院-本部&北区","","肺癌49基因检测报告","1","0","1","1","1","0","0","0","0","0","0","0","0","0","0","0","0","0","0","0","0","0","1","0","0","0","0","0","1","0","0","0","0","0","0","0","0","0","1","0","0","0","0","0","1","0","0","0","0","0","0","0","0","0","0","0","0","0","0","0","1","0","0","0","0","0","0","0","0","0","0","0","0","1","0","0","1","0","0","1","0","0","0","0","1","1","0","0","0","0","0","1","0","levi","13/6/2025 16:04:00","levi","13/6/2025 16:04:00"
"156","0","消化道肿瘤50基因检测报告-单样本-简版-苏州市立医院-本部&北区","","消化道肿瘤50基因检测报告","1","0","1","1","1","0","0","0","0","0","0","0","0","0","0","0","0","0","0","0","0","0","1","0","0","0","0","0","1","0","0","1","0","0","0","0","0","0","1","1","0","0","0","0","1","0","0","0","0","0","1","0","0","0","0","0","0","0","1","0","1","0","0","0","0","0","0","0","0","0","0","0","0","1","0","0","1","0","0","1","0","0","0","0","1","1","0","0","0","0","0","1","0","levi","16/3/2025 23:59:00","levi","16/3/2025 23:59:00"
"157","0","消化道肿瘤50基因检测报告-单样本-苏州市立医院-本部&北区","","消化道肿瘤50基因检测报告","1","0","1","1","1","0","0","0","0","0","0","0","0","0","0","0","0","0","0","0","0","0","1","0","0","0","0","0","1","0","0","1","0","0","0","0","0","0","1","1","0","0","0","0","1","0","0","0","0","0","1","0","0","0","0","0","0","0","1","0","1","0","0","0","0","0","0","0","0","0","0","0","0","1","0","0","1","0","0","1","0","0","0","0","1","1","0","0","0","0","0","1","0","levi","16/3/2025 23:59:00","levi","16/3/2025 23:59:00"
"158","0","HRR45_HRDscore基因检测报告-简版-苏州市立医院-本部&北区","","肿瘤同源重组修复缺陷（HRD pro）专业版检测报告","1","0","1","1","1","0","0","0","1","1","1","0","0","0","0","0","0","0","0","0","0","0","0","0","1","1","0","0","1","0","0","0","0","0","0","0","0","0","1","0","0","0","1","0","0","1","1","0","0","0","0","0","0","0","0","0","0","0","0","0","1","0","0","0","0","0","0","0","1","1","1","1","1","0","0","0","1","0","0","1","0","0","0","0","1","1","0","0","0","0","0","1","0","levi","21/3/2025 15:16:00","levi","21/3/2025 15:16:00"
"159","0","HRR45_HRDscore基因检测报告-苏州市立医院-本部&北区","","肿瘤同源重组修复缺陷（HRD pro）专业版检测报告","1","0","1","1","1","0","0","0","1","1","1","0","0","0","0","0","0","0","0","0","0","0","0","0","1","1","0","0","1","0","0","0","0","0","0","0","0","0","1","0","0","0","1","0","0","1","1","0","0","0","0","0","0","0","0","0","0","0","0","0","1","0","0","0","0","0","0","0","1","1","1","1","1","0","0","0","1","0","0","1","0","0","0","0","1","1","0","0","0","0","0","1","0","levi","21/3/2025 15:16:00","levi","21/3/2025 15:16:00"
"160","0","肺癌68基因检测报告-单样本-简版-苏州市立医院-本部&北区","","肺癌68基因检测报告","1","0","1","1","1","0","0","0","0","0","0","0","0","0","0","0","0","0","0","0","0","0","1","0","0","0","0","0","1","0","0","0","0","0","0","0","0","0","1","1","0","0","0","0","1","0","0","0","0","0","0","0","0","0","0","0","0","0","1","0","1","0","0","0","0","0","0","0","0","0","0","0","0","1","0","0","1","0","0","1","0","0","0","0","1","1","0","0","0","0","0","1","0","levi","16/6/2025 11:55:00","levi","16/6/2025 11:55:00"
"161","0","肺癌68基因检测报告-单样本-苏州市立医院-本部&北区","","肺癌68基因检测报告","1","0","1","1","1","0","0","0","0","0","0","0","0","0","0","0","0","0","0","0","0","0","1","0","0","0","0","0","1","0","0","0","0","0","0","0","0","0","1","1","0","0","0","0","1","0","0","0","0","0","0","0","0","0","0","0","0","0","1","0","1","0","0","0","0","0","0","0","0","0","0","0","0","1","0","0","1","0","0","1","0","0","0","0","1","1","0","0","0","0","0","1","0","levi","16/6/2025 11:55:00","levi","16/6/2025 11:55:00"
"162","0","肠癌11基因检测报告-简版-苏州市立医院-本部&北区","","结直肠癌11基因检测报告","1","0","1","1","1","0","0","0","0","0","0","0","0","0","0","0","0","0","0","0","0","0","1","0","0","0","0","0","1","0","0","0","0","0","0","0","0","0","1","0","0","0","0","0","1","0","0","0","0","0","0","0","0","0","0","0","0","0","1","0","1","0","0","0","0","0","0","0","0","0","0","0","0","1","0","0","1","0","0","1","0","0","0","0","1","1","0","0","0","0","0","1","0","levi","28/5/2025 20:41:00","levi","28/5/2025 20:41:00"
"163","0","肠癌11基因检测报告-苏州市立医院-本部&北区","","结直肠癌11基因检测报告","1","0","1","1","1","0","0","0","0","0","0","0","0","0","0","0","0","0","0","0","0","0","1","0","0","0","0","0","1","0","0","0","0","0","0","0","0","0","1","0","0","0","0","0","1","0","0","0","0","0","0","0","0","0","0","0","0","0","1","0","1","0","0","0","0","0","0","0","0","0","0","0","0","1","0","0","1","0","0","1","0","0","0","0","1","1","0","0","0","0","0","1","0","levi","28/5/2025 20:41:00","levi","28/5/2025 20:41:00"
"164","0","泛癌种86基因检测报告-简版-苏州市立医院-本部&北区","","实体瘤86基因检测报告","1","0","1","1","1","0","0","0","0","0","0","0","0","0","0","0","0","0","0","0","0","0","0","0","1","1","0","0","1","0","0","1","1","0","0","0","0","0","1","0","0","0","0","0","0","1","1","0","0","0","1","1","0","0","0","0","0","0","1","0","1","0","0","0","0","0","0","0","0","0","0","0","0","1","0","0","1","0","0","1","0","0","0","0","1","1","0","0","0","0","0","1","0","levi","28/5/2025 20:41:00","levi","28/5/2025 20:41:00"
"165","0","泛癌种86基因检测报告-苏州市立医院-本部&北区","","实体瘤86基因检测报告","1","0","1","1","1","0","0","0","0","0","0","0","0","0","0","0","0","0","0","0","0","0","0","0","1","1","0","0","1","0","0","1","1","0","0","0","0","0","1","0","0","0","0","0","0","1","1","0","0","0","1","1","0","0","0","0","0","0","1","0","1","0","0","0","0","0","0","0","0","0","0","0","0","1","0","0","1","0","0","1","0","0","0","0","1","1","0","0","0","0","0","1","0","levi","28/5/2025 20:41:00","levi","28/5/2025 20:41:00"
"166","0","子宫内膜癌检测报告-简版-苏州市立医院-本部&北区","","子宫内膜癌检测报告","1","0","1","1","0","0","0","0","0","0","0","0","0","1","0","0","0","0","0","0","0","0","0","0","1","1","0","0","1","0","0","1","0","0","0","0","0","0","1","0","0","0","0","0","0","1","1","0","0","0","1","0","0","0","0","0","0","0","0","0","1","0","0","0","0","0","0","1","0","0","0","0","0","0","0","0","1","0","0","1","0","0","0","0","1","1","0","0","0","0","0","1","0","levi","13/6/2025 10:03:00","levi","13/6/2025 10:03:00"
"167","0","子宫内膜癌检测报告-苏州市立医院-本部&北区","","子宫内膜癌检测报告","1","0","1","1","0","0","0","0","0","0","0","0","0","1","0","0","0","0","0","0","0","0","0","0","1","1","0","0","1","0","0","1","0","0","0","0","0","0","1","0","0","0","0","0","0","1","1","0","0","0","1","0","0","0","0","0","0","0","0","0","1","0","0","0","0","0","0","1","0","0","0","0","0","0","0","0","1","0","0","1","0","0","0","0","1","1","0","0","0","0","0","1","0","levi","13/6/2025 10:03:00","levi","13/6/2025 10:03:00"
"168","0","中国人群BRCA12基因分子分型研究_胚系-简版-苏州市立医院","","中国人群BRCA1/2基因分子分型研究检测报告","1","0","1","1","0","0","0","0","0","0","0","0","0","0","0","0","0","0","0","0","0","0","0","1","0","0","0","0","0","0","0","0","0","0","0","0","0","0","1","0","0","0","0","0","1","0","0","0","0","0","0","0","0","0","0","0","0","0","0","0","1","0","0","0","0","0","0","0","1","0","1","0","0","0","0","0","0","0","0","1","0","0","0","0","1","1","0","0","0","0","0","1","0","levi","20/5/2025 15:35:00","levi","20/5/2025 15:35:00"
"169","0","中国人群BRCA12基因分子分型研究_胚系-苏州市立医院","","中国人群BRCA1/2基因分子分型研究检测报告","1","0","1","1","0","0","0","0","0","0","0","0","0","0","0","0","0","0","0","0","0","0","0","1","0","0","0","0","0","0","0","0","0","0","0","0","0","0","1","0","0","0","0","0","1","0","0","0","0","0","0","0","0","0","0","0","0","0","0","0","1","0","0","0","0","0","0","0","1","0","1","0","0","0","0","0","0","0","0","1","0","0","0","0","1","1","0","0","0","0","0","1","0","levi","20/5/2025 15:35:00","levi","20/5/2025 15:35:00"
"170","0","中国人群BRCA12基因分子分型研究_胚系-简版-苏州市立医院-本部&北区","","中国人群BRCA1/2基因分子分型研究检测报告","1","0","1","1","0","0","0","0","0","0","0","0","0","0","0","0","0","0","0","0","0","0","0","1","0","0","0","0","0","0","0","0","0","0","0","0","0","0","1","0","0","0","0","0","1","0","0","0","0","0","0","0","0","0","0","0","0","0","0","0","1","0","0","0","0","0","0","0","1","0","1","0","0","0","0","0","0","0","0","1","0","0","0","0","1","1","0","0","0","0","0","1","0","levi","16/5/2025 17:16:00","levi","16/5/2025 17:16:00"
"171","0","中国人群BRCA12基因分子分型研究_胚系-苏州市立医院-本部&北区","","中国人群BRCA1/2基因分子分型研究检测报告","1","0","1","1","0","0","0","0","0","0","0","0","0","0","0","0","0","0","0","0","0","0","0","1","0","0","0","0","0","0","0","0","0","0","0","0","0","0","1","0","0","0","0","0","1","0","0","0","0","0","0","0","0","0","0","0","0","0","0","0","1","0","0","0","0","0","0","0","1","0","1","0","0","0","0","0","0","0","0","1","0","0","0","0","1","1","0","0","0","0","0","1","0","levi","16/5/2025 17:16:00","levi","16/5/2025 17:16:00"
"172","0","中国人群BRCA12基因分子分型研究_双样本-苏州市立医院-本部&北区","","中国人群BRCA1/2基因分子分型研究检测报告","1","0","1","1","0","0","0","0","0","0","0","0","0","0","0","0","0","0","0","0","0","0","0","0","1","1","0","0","0","0","0","0","0","0","0","0","0","0","1","0","0","0","0","0","0","1","1","0","0","0","0","0","0","0","0","0","0","0","0","0","1","0","0","0","0","0","0","0","1","0","1","0","0","0","0","0","0","0","0","1","0","0","0","0","1","1","0","0","0","0","0","1","0","levi","13/6/2025 10:03:00","levi","13/6/2025 10:03:00"
"173","0","中国人群BRCA12基因分子分型研究_双样本-简版-苏州市立医院-本部&北区","","中国人群BRCA1/2基因分子分型研究检测报告","1","0","1","1","0","0","0","0","0","0","0","0","0","0","0","0","0","0","0","0","0","0","0","0","1","1","0","0","0","0","0","0","0","0","0","0","0","0","1","0","0","0","0","0","0","1","1","0","0","0","0","0","0","0","0","0","0","0","0","0","1","0","0","0","0","0","0","0","1","0","1","0","0","0","0","0","0","0","0","1","0","0","0","0","1","1","0","0","0","0","0","1","0","levi","13/6/2025 10:03:00","levi","13/6/2025 10:03:00"
"174","0","泌尿系统肿瘤99基因检测报告-简版-苏州市立医院","","泌尿系统肿瘤99基因检测报告","1","0","1","1","1","0","0","0","0","0","0","0","0","0","0","0","0","0","0","0","0","0","0","0","1","1","0","0","1","1","0","1","1","1","1","0","0","0","1","1","0","0","0","0","0","1","1","0","0","0","1","1","1","1","0","0","1","0","1","0","1","0","0","0","0","0","0","0","0","0","0","0","0","1","0","0","1","0","0","1","0","0","0","0","0","1","0","0","0","0","0","1","0","levi","16/5/2025 17:34:00","levi","16/5/2025 17:34:00"
"175","0","泌尿系统肿瘤99基因检测报告-苏州市立医院","","泌尿系统肿瘤99基因检测报告","1","0","1","1","1","0","0","0","0","0","0","0","0","0","0","0","0","0","0","0","0","0","0","0","1","1","0","0","1","1","0","1","1","1","1","0","0","0","1","1","0","0","0","0","0","1","1","0","0","0","1","1","1","1","0","0","1","0","1","0","1","0","0","0","0","0","0","0","0","0","0","0","0","1","0","0","1","0","0","1","0","0","0","0","0","1","0","0","0","0","0","1","0","levi","16/5/2025 17:34:00","levi","16/5/2025 17:34:00"
"176","0","肺癌49检测报告-明理","","肺癌49基因检测报告","1","0","1","1","1","0","0","0","0","0","0","0","0","0","0","0","0","0","0","0","0","0","1","0","0","0","0","0","1","0","0","0","0","0","0","0","0","0","0","0","0","0","0","0","1","0","0","0","0","0","0","0","0","0","0","0","0","0","0","0","1","0","0","0","0","0","0","0","0","0","0","0","0","1","0","0","1","0","0","1","0","0","0","0","0","1","0","1","0","0","0","0","0","levi","16/5/2025 17:33:52","levi","16/5/2025 17:33:55"
"177","0","肺癌11基因检测报告-明理","","肺癌11基因检测报告","1","0","1","1","1","0","0","0","0","0","0","0","0","0","0","0","0","0","0","0","0","0","1","0","0","0","0","0","1","0","0","0","0","0","0","0","0","0","0","1","0","0","0","0","1","0","0","0","0","0","0","0","0","0","0","0","0","0","0","0","1","0","0","0","0","0","0","0","0","0","0","0","0","1","0","0","1","0","0","1","0","0","0","0","0","1","0","1","0","0","0","0","0","levi","11/6/2025 11:08:33","levi","11/6/2025 11:08:33"
"178","0","HRD+HRR检测报告-齐鲁","","肿瘤同源重组修复缺陷（HRD pro）专业版检测报告","1","0","1","1","1","0","0","0","1","1","1","0","0","0","0","0","0","0","0","0","0","0","0","0","1","1","0","0","1","0","0","0","0","0","0","0","0","0","0","0","0","0","1","0","0","1","1","0","0","0","0","0","0","0","0","0","0","0","0","0","1","0","0","0","0","0","0","0","1","1","1","1","1","0","0","0","1","0","0","1","0","0","0","0","0","1","0","1","0","0","0","0","0","levi","16/3/2025 23:39:48","levi","16/3/2025 23:39:52"
"179","0","泛实体瘤188基因报告(升级版)","","实体瘤188基因检测报告（升级版）","1","0","1","1","1","0","0","1","0","0","0","0","0","1","0","1","0","0","0","0","1","0","0","0","1","1","0","0","1","1","0","1","1","0","0","0","0","0","0","1","1","0","0","1","0","1","1","0","0","0","1","1","0","0","0","0","1","1","1","0","1","0","0","0","0","1","0","0","0","0","0","0","0","1","1","0","1","1","0","1","0","0","1","1","0","1","0","1","0","0","1","0","0","levi","18/11/2025 15:18:46","levi","18/11/2025 15:18:46"
"180","0","泛实体瘤188基因检测报告(升级版)","","实体瘤188基因检测报告（升级版）","1","0","1","1","1","0","0","1","0","0","0","0","0","1","0","1","0","0","0","0","1","0","0","0","1","1","0","0","1","1","0","1","1","0","0","0","0","0","0","1","1","0","0","1","0","1","1","0","0","0","1","1","0","0","0","0","1","1","1","0","1","0","0","0","0","1","0","0","0","0","0","0","0","1","1","0","1","1","0","1","0","0","1","1","0","1","0","1","0","0","1","0","0","levi","18/11/2025 15:18:47","levi","18/11/2025 15:18:47"
"181","0","泛癌种188基因报告-济南中心","","实体瘤188基因检测报告","1","0","1","1","1","0","0","1","0","0","0","0","0","1","0","1","0","0","0","0","1","0","0","0","1","1","0","0","1","1","0","1","1","0","0","0","0","0","0","1","1","0","0","1","0","1","1","0","0","0","1","1","0","0","0","0","1","0","1","0","1","0","0","0","0","1","0","0","0","0","0","0","0","1","1","0","1","1","0","1","0","0","1","1","0","1","0","1","0","0","1","0","0","levi","28/5/2025 20:42:00","levi","28/5/2025 20:42:00"
"182","0","实体瘤1238DNA+1166RNA基因检测报告-山肿","","实体瘤1921基因全景版检测报告","1","0","1","1","1","0","0","1","0","0","0","1","0","1","0","1","0","0","0","0","1","0","0","0","1","1","0","0","1","1","1","1","1","1","1","0","0","0","0","1","1","0","0","1","0","1","1","0","0","1","1","1","1","1","0","0","1","0","1","0","1","0","0","0","0","1","0","0","0","0","0","0","0","1","1","0","1","1","0","1","0","0","1","1","0","1","0","1","0","0","1","0","0","levi","15/8/2025 15:32:34","levi","15/8/2025 15:32:34"
"183","0","胆道癌56基因检测报告","胆道癌56基因检测报告","胆道癌56基因检测报告","1","0","1","1","1","0","0","0","0","0","0","0","0","0","0","0","0","0","0","0","0","0","0","0","1","1","0","0","1","0","0","1","1","0","0","0","0","0","0","1","0","0","0","0","0","1","1","0","0","0","1","1","0","0","0","0","0","0","1","0","1","0","0","0","0","0","0","0","0","0","0","0","0","1","0","0","1","0","0","1","0","0","0","0","1","1","0","0","0","0","0","1","0","levi","18/8/2025 17:04:45","levi","18/8/2025 17:04:45"
"184","0","胆道癌56基因检测报告-单样本","胆道癌56基因检测报告","胆道癌56基因检测报告","1","0","1","1","1","0","0","0","0","0","0","0","0","0","0","0","0","0","0","0","0","0","1","0","0","0","0","0","1","0","0","1","0","0","0","0","0","0","0","1","0","0","0","0","1","0","0","0","0","0","1","0","0","0","0","0","0","0","1","0","1","0","0","0","0","0","0","0","0","0","0","0","0","1","0","0","1","0","0","1","0","0","0","0","1","1","0","0","0","0","0","1","0","levi","18/8/2025 17:04:48","levi","18/8/2025 17:04:48"
"185","0","胆道癌56基因报告","胆道癌56基因检测报告","胆道癌56基因检测报告","1","0","1","1","1","0","0","0","0","0","0","0","0","0","0","0","0","0","0","0","0","0","0","0","1","1","0","0","1","0","0","1","1","0","0","0","0","0","0","1","0","0","0","0","0","1","1","0","0","0","1","1","0","0","0","0","0","0","1","0","1","0","0","0","0","0","0","0","0","0","0","0","0","1","0","0","1","0","0","1","0","0","0","0","1","1","0","0","0","0","0","1","0","levi","18/8/2025 17:04:51","levi","18/8/2025 17:04:51"
"186","0","胆道癌56基因报告-单样本","胆道癌56基因检测报告","胆道癌56基因检测报告","1","0","1","1","1","0","0","0","0","0","0","0","0","0","0","0","0","0","0","0","0","0","1","0","0","0","0","0","1","0","0","1","0","0","0","0","0","0","0","1","0","0","0","0","1","0","0","0","0","0","1","0","0","0","0","0","0","0","1","0","1","0","0","0","0","0","0","0","0","0","0","0","0","1","0","0","1","0","0","1","0","0","0","0","1","1","0","0","0","0","0","1","0","levi","18/8/2025 17:04:54","levi","18/8/2025 17:04:54"
"187","0","黑色素瘤53基因检测报告","双样本-黑色素瘤53基因检测报告-盖章版-通用版","黑色素瘤53基因检测报告","1","0","1","1","1","0","0","0","0","0","0","0","0","0","0","0","0","0","0","0","0","0","0","0","1","1","0","0","1","0","0","1","1","0","0","0","0","0","0","1","0","0","0","0","0","1","1","0","0","0","1","1","0","0","0","0","0","1","1","0","1","0","0","0","0","0","0","0","0","0","0","0","0","1","0","0","1","0","0","1","0","0","0","0","1","1","0","0","0","0","0","1","0","levi","18/9/2025 17:52:00","levi","18/9/2025 17:52:00"
"188","0","黑色素瘤53基因报告","双样本-黑色素瘤53基因检测报告-盖章版-通用版","黑色素瘤53基因检测报告","1","0","1","1","1","0","0","0","0","0","0","0","0","0","0","0","0","0","0","0","0","0","0","0","1","1","0","0","1","0","0","1","1","0","0","0","0","0","0","1","0","0","0","0","0","1","1","0","0","0","1","1","0","0","0","0","0","1","1","0","1","0","0","0","0","0","0","0","0","0","0","0","0","1","0","0","1","0","0","1","0","0","0","0","1","1","0","0","0","0","0","1","0","levi","18/9/2025 17:51:55","levi","18/9/2025 17:51:55"
"189","0","黑色素瘤53基因检测报告-单样本","单样本-黑色素瘤53基因检测报告-盖章版-通用版","黑色素瘤53基因检测报告","1","0","1","1","1","0","0","0","0","0","0","0","0","0","0","0","0","0","0","0","0","0","1","0","0","0","0","0","1","0","0","1","0","0","0","0","0","0","0","1","0","0","0","0","1","0","0","0","0","0","1","0","0","0","0","0","0","1","1","0","1","0","0","0","0","0","0","0","0","0","0","0","0","1","0","0","1","0","0","1","0","0","0","0","1","1","0","0","0","0","0","1","0","levi","18/9/2025 16:11:17","levi","18/9/2025 16:11:17"
"190","0","黑色素瘤53基因报告-单样本","单样本-黑色素瘤53基因检测报告-盖章版-通用版","黑色素瘤53基因检测报告","1","0","1","1","1","0","0","0","0","0","0","0","0","0","0","0","0","0","0","0","0","0","1","0","0","0","0","0","1","0","0","1","0","0","0","0","0","0","0","1","0","0","0","0","1","0","0","0","0","0","1","0","0","0","0","0","0","1","1","0","1","0","0","0","0","0","0","0","0","0","0","0","0","1","0","0","1","0","0","1","0","0","0","0","1","1","0","0","0","0","0","1","0","levi","18/9/2025 16:11:20","levi","18/9/2025 16:11:20"
"191","0","泛实体瘤1238+1166基因检测报告-佛山市第一人民医院","","泛实体瘤{{sample_type}}1238 DNA+1166 RNA基因检测{{PD-L1}}","1","0","1","1","1","0","0","1","0","0","0","0","0","1","0","1","0","0","0","0","1","0","0","0","1","1","0","0","1","1","1","1","1","1","1","0","0","0","0","1","1","0","0","1","0","1","1","0","0","1","1","1","1","1","0","0","1","0","1","0","1","0","0","0","0","1","0","0","0","0","0","0","0","1","1","0","1","1","0","1","0","0","1","1","0","1","0","1","0","0","1","0","0","levi","2/9/2025 17:34:15","levi","2/9/2025 17:34:15"
"192","0","NOVO泛癌种1238检测报告-佛山市第一人民医院","","实体瘤{{sample_type}}1238基因检测{{PD-L1}}","1","0","1","1","1","0","0","1","0","0","0","0","0","1","0","1","0","0","0","0","1","0","0","0","1","1","0","0","1","1","1","1","1","1","1","0","0","0","0","1","1","0","0","1","0","1","1","0","0","1","1","1","1","1","0","0","1","0","1","0","1","0","0","0","0","1","0","0","0","0","0","0","0","1","1","0","1","1","0","1","0","0","1","1","0","1","0","1","0","0","1","0","0","levi","29/8/2025 17:15:47","levi","29/8/2025 17:15:47"
"193","0","全外显子组升级版（WES Plus）基因检测报告-佛山市第一人民医院","","肿瘤全外显子组基因检测升级版-{{sample_type}}{{PD-L1}}","1","0","1","1","1","0","0","1","1","1","1","1","0","1","0","0","0","0","0","0","1","0","0","0","1","1","0","0","1","1","1","1","1","1","1","1","1","1","0","1","1","0","1","1","0","1","1","0","0","1","1","1","1","1","1","1","1","0","1","1","1","0","1","0","0","1","0","1","0","0","0","0","0","1","1","0","1","1","0","1","0","0","0","0","0","1","0","1","0","0","1","0","0","levi","27/8/2025 18:41:16","levi","27/8/2025 18:41:16"
"194","0","泛实体瘤188基因检测报告-佛山市第一人民医院","","实体瘤{{sample_type}}188基因检测{{PD-L1}}","1","0","1","1","1","0","0","1","0","0","0","0","0","1","0","1","0","0","0","0","1","0","0","0","1","1","0","0","1","1","0","1","1","0","0","0","0","0","0","1","1","0","0","1","0","1","1","0","0","0","1","1","0","0","0","0","1","0","1","0","1","0","0","0","0","1","0","0","0","0","0","0","0","1","1","0","1","1","0","1","0","0","1","1","0","1","0","1","0","0","1","0","0","levi","27/8/2025 18:41:36","levi","27/8/2025 18:41:36"
"195","0","BRCA45基因报告-佛山市第一人民医院","","DNA损伤修复基因检测（体系+胚系）{{PD-L1}}","1","0","1","1","1","0","0","0","0","0","0","0","0","0","0","0","0","0","0","0","0","0","0","0","1","1","0","0","1","0","0","0","0","0","0","0","0","0","0","0","0","0","0","0","0","1","1","0","0","0","0","0","0","0","0","0","0","0","0","0","1","0","0","0","0","0","0","0","1","1","1","0","0","0","0","0","1","0","0","1","0","0","0","0","0","1","0","1","0","0","0","0","0","levi","2/9/2025 17:30:19","levi","2/9/2025 17:30:19"
"196","0","HRR45_HRDscore基因报告-佛山市第一人民医院","","肿瘤HRD pro专业版检测{{PD-L1}}","1","0","1","1","1","0","0","0","1","1","1","0","0","0","0","0","0","0","0","0","0","0","0","0","1","1","0","0","1","0","0","0","0","0","0","0","0","0","0","0","0","0","1","0","0","1","1","0","0","0","0","0","0","0","0","0","0","0","0","0","1","0","0","0","0","0","0","0","1","1","1","1","1","0","0","0","1","0","0","1","0","0","0","0","0","1","0","1","0","0","0","0","0","levi","27/8/2025 18:42:16","levi","27/8/2025 18:42:16"
"197","0","BRCA12基因+同源重组修复缺陷评分（HRD score）报告-佛山市第一人民医院","","BRCA1/2基因+HRD score检测{{PD-L1}}","1","0","1","1","0","0","0","0","1","1","1","0","0","0","0","0","0","0","0","0","0","0","0","0","1","1","0","0","0","0","0","0","0","0","0","0","0","0","0","0","0","0","1","0","0","1","1","0","0","0","0","0","0","0","0","0","0","0","0","0","1","0","0","0","0","0","0","0","1","0","1","1","1","0","0","0","0","0","0","1","0","0","0","0","0","0","0","1","0","0","0","0","0","levi","27/8/2025 18:42:38","levi","27/8/2025 18:42:38"
"198","0","中国人群BRCA12基因分子分型研究_双样本-佛山市第一人民医院","","BRCA1/2基因检测（体系+胚系）{{PD-L1}}","1","0","1","1","0","0","0","0","0","0","0","0","0","0","0","0","0","0","0","0","0","0","0","0","1","1","0","0","0","0","0","0","0","0","0","0","0","0","0","0","0","0","0","0","0","1","1","0","0","0","0","0","0","0","0","0","0","0","0","0","1","0","0","0","0","0","0","0","1","0","1","0","0","0","0","0","0","0","0","1","0","0","0","0","0","1","0","1","0","0","0","0","0","levi","2/9/2025 17:30:37","levi","2/9/2025 17:30:37"
"199","0","HRDscore报告-佛山市第一人民医院","","肿瘤HRD score检测{{PD-L1}}","1","0","1","1","0","0","0","0","1","0","1","0","0","0","0","0","0","0","0","0","0","0","0","0","0","0","0","0","0","0","0","0","0","0","0","0","0","0","0","0","0","0","1","0","0","0","0","0","0","0","0","0","0","0","0","0","0","0","0","0","1","0","0","0","0","0","0","0","0","0","1","1","1","0","0","0","0","0","0","1","0","0","0","0","0","1","0","1","0","0","0","0","0","levi","27/8/2025 18:43:14","levi","27/8/2025 18:43:14"
"200","0","泛实体瘤188基因报告-单样本-佛山市第一人民医院","","实体瘤{{sample_type}}188基因检测{{PD-L1}}","1","0","1","1","1","0","0","1","0","0","0","0","0","0","0","0","0","0","0","0","1","0","1","0","0","0","0","0","1","0","0","1","0","0","0","0","0","0","0","1","1","0","0","1","1","0","0","0","0","0","1","0","0","0","0","0","0","0","1","0","1","0","0","0","0","0","0","0","0","0","0","0","0","1","0","0","1","0","0","1","0","0","0","0","0","1","0","1","0","0","0","0","0","levi","27/8/2025 18:43:32","levi","27/8/2025 18:43:32"
"201","0","泛癌种86基因报告-单样本-佛山市第一人民医院","","实体瘤{{sample_type}}86基因检测{{PD-L1}}","1","0","1","1","1","0","0","0","0","0","0","0","0","0","0","0","0","0","0","0","0","0","1","0","0","0","0","0","1","0","0","1","0","0","0","0","0","0","0","1","0","0","0","0","1","0","0","0","0","0","1","0","0","0","0","0","0","0","1","0","1","0","0","0","0","0","0","0","0","0","0","0","0","1","0","0","1","0","0","1","0","0","0","0","0","1","0","1","0","0","0","0","0","levi","27/8/2025 18:43:52","levi","27/8/2025 18:43:52"
"202","0","BRCA45基因报告-体系-佛山市第一人民医院","","DNA损伤修复基因检测（体系）{{PD-L1}}","1","0","1","1","1","0","0","0","0","0","0","0","0","0","0","0","0","0","0","0","0","0","1","0","0","0","0","0","1","0","0","0","0","0","0","0","0","0","0","0","0","0","0","0","1","0","0","0","0","0","0","0","0","0","0","0","0","0","0","0","1","0","0","0","0","0","0","0","1","1","0","0","0","0","0","0","1","0","0","1","0","0","0","0","0","1","0","1","0","0","0","0","0","levi","2/9/2025 17:31:00","levi","2/9/2025 17:31:00"
"203","0","BRCA45基因报告-胚系-佛山市第一人民医院","","DNA损伤修复基因检测（胚系）{{PD-L1}}","1","0","1","1","1","0","0","0","0","0","0","0","0","0","0","0","0","0","0","0","0","0","0","1","0","0","0","0","1","0","0","0","0","0","0","0","0","0","0","0","0","0","0","0","1","0","0","0","0","0","0","0","0","0","0","0","0","0","0","0","1","0","0","0","0","0","0","0","1","1","1","0","0","0","0","0","1","0","0","1","0","0","0","0","0","1","0","1","0","0","0","0","0","levi","2/9/2025 17:31:10","levi","2/9/2025 17:31:10"
"204","0","肺癌49基因检测报告-佛山市第一人民医院","","肺癌{{sample_type}}49基因检测{{PD-L1}}","1","0","1","1","1","0","0","0","0","0","0","0","0","0","0","0","0","0","0","0","0","0","1","0","0","0","0","0","1","0","0","0","0","0","0","0","0","0","0","0","0","0","0","0","1","0","0","0","0","0","0","0","0","0","0","0","0","0","0","0","1","0","0","0","0","0","0","0","0","0","0","0","0","1","0","0","1","0","0","1","0","0","0","0","0","1","0","1","0","0","0","0","0","levi","27/8/2025 18:44:31","levi","27/8/2025 18:44:31"
"205","0","肺癌11基因检测报告-佛山市第一人民医院","","肺癌{{sample_type}}11基因检测{{PD-L1}}","1","0","1","1","1","0","0","0","0","0","0","0","0","0","0","0","0","0","0","0","0","0","1","0","0","0","0","0","1","0","0","0","0","0","0","0","0","0","0","1","0","0","0","0","1","0","0","0","0","0","0","0","0","0","0","0","0","0","0","0","1","0","0","0","0","0","0","0","0","0","0","0","0","1","0","0","1","0","0","1","0","0","0","0","0","1","0","1","0","0","0","0","0","levi","27/8/2025 18:44:35","levi","27/8/2025 18:44:35"
"206","0","中国人群BRCA12基因分子分型研究_体系-佛山市第一人民医院","","BRCA1/2基因检测（体系）{{PD-L1}}","1","0","1","1","0","0","0","0","0","0","0","0","0","0","0","0","0","0","0","0","0","0","1","0","0","0","0","0","0","0","0","0","0","0","0","0","0","0","0","0","0","0","0","0","1","0","0","0","0","0","0","0","0","0","0","0","0","0","0","0","1","0","0","0","0","0","0","0","1","0","1","0","0","0","0","0","0","0","0","1","0","0","0","0","0","1","0","1","0","0","0","0","0","levi","2/9/2025 17:31:20","levi","2/9/2025 17:31:20"
"207","0","中国人群BRCA12基因分子分型研究_胚系-佛山市第一人民医院","","BRCA1/2基因检测（胚系）{{PD-L1}}","1","0","1","1","0","0","0","0","0","0","0","0","0","0","0","0","0","0","0","0","0","0","0","1","0","0","0","0","0","0","0","0","0","0","0","0","0","0","0","0","0","0","0","0","1","0","0","0","0","0","0","0","0","0","0","0","0","0","0","0","1","0","0","0","0","0","0","0","1","0","1","0","0","0","0","0","0","0","0","1","0","0","0","0","0","1","0","1","0","0","0","0","0","levi","2/9/2025 17:31:30","levi","2/9/2025 17:31:30"
"208","0","实体瘤分子残留病灶(MRD)组织1238基因检测报告-苏州市立医院","","实体瘤分子残留病灶（MRD）组织1238基因检测报告","1","0","1","1","1","0","0","1","0","0","0","0","0","1","0","0","0","0","0","0","1","0","0","0","1","1","0","0","1","1","1","1","1","1","1","0","0","0","1","1","1","0","0","1","0","1","1","0","0","1","1","1","1","1","0","0","1","0","1","0","1","0","0","0","0","0","0","1","0","0","0","0","0","1","0","0","1","0","0","1","0","0","0","0","1","1","0","0","0","0","0","1","0","levi","13/6/2025 16:04:00","levi","13/6/2025 16:04:00"
"209","0","实体瘤分子残留病灶(MRD)组织1238基因检测报告-苏州市立医院-本部&北区","","实体瘤分子残留病灶（MRD）组织1238基因检测报告","1","0","1","1","1","0","0","1","0","0","0","0","0","1","0","0","0","0","0","0","1","0","0","0","1","1","0","0","1","1","1","1","1","1","1","0","0","0","1","1","1","0","0","1","0","1","1","0","0","1","1","1","1","1","0","0","1","0","1","0","1","0","0","0","0","0","0","1","0","0","0","0","0","1","0","0","1","0","0","1","0","0","0","0","1","1","0","0","0","0","0","1","0","levi","16/5/2025 17:33:00","levi","16/5/2025 17:33:00"
"210","0","实体瘤分子残留病灶(MRD)组织1238基因检测报告-简版-苏州市立医院","","实体瘤分子残留病灶（MRD）组织1238基因检测报告","1","0","1","1","1","0","0","1","0","0","0","0","0","1","0","1","0","0","0","0","1","0","0","0","1","1","0","0","1","1","1","1","1","1","1","0","0","0","0","1","1","0","0","1","0","1","1","0","1","1","1","1","1","1","0","0","1","0","1","0","1","0","0","0","0","1","0","0","0","0","0","0","0","1","1","0","1","1","0","1","0","0","1","1","0","1","0","1","0","0","1","0","0","levi","25/6/2025 10:40:53","levi","25/6/2025 10:40:53"
"211","0","实体瘤分子残留病灶(MRD)组织1238基因检测报告-简版-苏州市立医院-本部&北区","","实体瘤分子残留病灶（MRD）组织1238基因检测报告","1","0","1","1","1","0","0","1","0","0","0","0","0","1","0","1","0","0","0","0","1","0","0","0","1","1","0","0","1","1","1","1","1","1","1","0","0","0","0","1","1","0","0","1","0","1","1","0","1","1","1","1","1","1","0","0","1","0","1","0","1","0","0","0","0","1","0","0","0","0","0","0","0","1","1","0","1","1","0","1","0","0","1","1","0","1","0","1","0","0","1","0","0","levi","25/6/2025 10:40:53","levi","25/6/2025 10:40:53"
"212","0","泛实体瘤1238+1166基因检测报告-苏州市立医院","","实体瘤1238+1166基因检测报告","1","0","1","1","1","0","0","1","0","0","0","0","0","1","0","0","0","1","1","1","1","0","0","0","1","1","0","0","1","1","1","1","1","1","1","0","0","0","1","1","1","0","0","1","0","1","1","0","0","1","1","1","1","1","0","0","1","0","1","0","1","0","0","1","1","1","0","1","0","0","0","0","0","1","0","0","1","0","0","1","0","0","0","0","1","1","0","0","0","0","0","1","0","levi","21/3/2025 18:50:00","levi","21/3/2025 18:50:00"
"213","0","泛实体瘤1238+1166基因检测报告-简版-苏州市立医院","","实体瘤1238+1166基因检测报告","1","0","1","1","1","0","0","1","0","0","0","0","0","1","0","0","0","1","1","1","1","0","0","0","1","1","0","0","1","1","1","1","1","1","1","0","0","0","1","1","1","0","0","1","0","1","1","0","0","1","1","1","1","1","0","0","1","0","1","0","1","0","0","1","1","1","0","1","0","0","0","0","0","1","0","0","1","0","0","1","0","0","0","0","1","1","0","0","0","0","0","1","0","levi","21/3/2025 18:50:00","levi","21/3/2025 18:50:00"
"214","0","肉瘤1238+1166基因检测报告-简版-苏州市立医院","","肉瘤1238+1166基因检测报告","1","0","1","1","1","0","0","0","0","0","0","1","0","0","0","0","0","0","0","0","0","0","0","0","1","1","0","0","1","0","1","1","1","1","1","0","0","0","1","1","1","0","0","0","0","1","1","0","0","1","1","1","1","1","0","0","0","0","1","0","1","0","1","0","0","0","0","0","0","0","0","0","0","1","0","0","1","0","0","1","0","0","0","0","1","1","0","0","0","0","0","1","0","levi","1/9/2025 15:37:06","levi","1/9/2025 15:37:06"
"215","0","肉瘤1238+1166基因检测报告-苏州市立医院","","肉瘤1238+1166基因检测报告","1","0","1","1","1","0","0","0","0","0","0","1","0","0","0","0","0","0","0","0","0","0","0","0","1","1","0","0","1","0","1","1","1","1","1","0","0","0","1","1","1","0","0","0","0","1","1","0","0","1","1","1","1","1","0","0","0","0","1","0","1","0","1","0","0","0","0","0","0","0","0","0","0","1","0","0","1","0","0","1","0","0","0","0","1","1","0","0","0","0","0","1","0","levi","1/9/2025 15:37:08","levi","1/9/2025 15:37:08"
"216","0","肉瘤1238+1166基因检测报告-佛山市第一人民医院","","肉瘤组织1238 DNA+1166 RNA基因检测{{PD-L1}}","1","0","1","1","1","0","0","0","0","0","0","1","0","0","0","0","0","0","0","0","0","0","0","0","1","1","0","0","1","0","1","1","1","1","1","0","0","0","1","1","1","0","0","0","0","1","1","0","0","1","1","1","1","1","0","0","0","0","1","0","1","0","1","0","0","0","0","0","0","0","0","0","0","1","0","0","1","0","0","1","0","0","0","0","1","1","0","0","0","0","0","1","0","levi","3/9/2025 17:09:05","levi","3/9/2025 17:09:05"
"217","0","乳腺癌39基因检测报告-明理","","乳腺癌39基因检测报告","1","0","1","1","1","0","0","0","0","0","0","0","0","0","0","0","0","0","0","0","0","0","0","0","1","1","0","0","1","0","0","0","0","0","0","0","0","0","0","0","0","0","0","0","1","0","0","0","0","0","0","0","0","0","0","0","0","0","1","0","1","0","0","0","0","0","0","0","0","0","0","0","0","1","0","0","1","0","0","11","0","0","0","0","0","1","0","1","0","0","0","0","0","levi","19/5/2025 18:43:19","levi","19/5/2025 18:43:24"
"218","0","子宫内膜癌检测报告-明理","","子宫内膜癌检测报告","1","0","1","1","0","0","0","0","0","0","0","0","0","1","0","0","0","0","0","0","0","0","0","0","1","1","0","0","1","0","0","1","0","0","0","0","0","0","0","0","0","0","0","0","0","1","1","0","0","0","1","0","0","0","0","0","0","0","0","0","1","0","0","0","0","0","0","1","0","0","0","0","0","0","0","0","1","0","0","1","0","0","0","0","0","1","0","1","0","0","0","0","0","levi","24/9/2025 10:33:44","levi","24/9/2025 10:33:44"
"220","0","肿瘤靶向免疫化疗用药基因检测报告-迪安","","全外显子组升级版（WES Plus）基因检测报告","1","0","1","1","1","0","0","1","1","1","1","1","0","1","0","0","0","0","0","0","1","0","0","0","1","1","0","0","1","1","1","1","1","1","1","1","1","1","0","1","1","0","1","1","0","1","1","0","0","1","1","1","1","1","1","1","1","0","1","1","1","0","1","0","0","1","0","1","0","0","0","0","0","1","1","0","1","1","0","1","0","0","0","0","0","1","0","1","0","0","1","0","1","levi","23/9/2025 18:44:36","levi","23/9/2025 18:44:36"
"221","0","脑胶质瘤1238基因检测报告","","脑胶质瘤1238基因检测报告","1","0","1","1","1","0","0","1","0","0","0","0","0","1","0","1","0","0","0","0","1","0","0","0","1","1","0","0","1","1","1","1","1","1","1","0","0","0","0","1","1","0","0","1","0","1","1","0","0","1","1","1","1","1","0","0","1","0","1","0","1","0","0","0","0","1","0","0","0","0","0","0","0","1","1","0","1","1","0","1","0","0","1","1","0","1","0","1","0","0","1","0","0","levi","28/5/2025 20:41:56","levi","28/5/2025 20:41:56"
"223","0","中国人群BRCA12基因分子分型研究_体系-苏州市立医院-本部&北区","","中国人群BRCA1/2基因分子分型研究检测报告","1","0","1","1","0","0","0","0","0","0","0","0","0","0","0","0","0","0","0","0","0","0","1","0","0","0","0","0","0","0","0","0","0","0","0","0","0","0","0","0","0","0","0","0","1","0","0","0","0","0","0","0","0","0","0","0","0","0","0","0","1","0","0","0","0","0","0","0","1","0","1","0","0","0","0","0","0","0","0","1","0","0","0","0","0","1","0","1","0","0","0","0","0","levi","13/6/2025 16:04:04","levi","13/6/2025 16:04:04"
"224","0","中国人群BRCA12基因分子分型研究_体系-简版-苏州市立医院-本部&北区","","中国人群BRCA1/2基因分子分型研究检测报告","1","0","1","1","0","0","0","0","0","0","0","0","0","0","0","0","0","0","0","0","0","0","1","0","0","0","0","0","0","0","0","0","0","0","0","0","0","0","0","0","0","0","0","0","1","0","0","0","0","0","0","0","0","0","0","0","0","0","0","0","1","0","0","0","0","0","0","0","1","0","1","0","0","0","0","0","0","0","0","1","0","0","0","0","0","1","0","1","0","0","0","0","0","levi","13/6/2025 16:04:04","levi","13/6/2025 16:04:04"
"225","0","泛实体瘤1921基因检测报告-湘雅三","","实体瘤1238+1166基因检测报告","1","0","1","1","1","0","0","1","0","0","0","0","0","1","0","1","0","0","0","0","1","0","0","0","1","1","0","0","1","1","1","1","1","1","1","0","0","0","0","1","1","0","0","1","0","1","1","0","0","1","1","1","1","1","0","0","1","0","1","0","1","0","0","0","0","1","0","0","0","0","0","0","0","1","1","0","1","1","0","1","0","0","1","1","0","1","0","1","0","0","1","0","0","levi","22/10/2025 15:38:28","levi","22/10/2025 15:38:28"
"226","0","肉瘤1921基因检测报告-湘雅三","","骨及软组织肿瘤1238+1166基因检测","1","0","1","1","1","0","0","0","0","0","0","1","0","0","0","1","0","0","0","0","0","0","0","0","1","1","0","0","1","1","1","1","1","1","1","0","0","0","0","1","1","0","0","0","0","1","1","0","0","1","1","1","1","1","0","0","1","0","1","0","1","0","0","0","0","1","0","0","0","0","0","0","0","1","1","0","1","1","0","1","0","0","1","1","0","1","0","1","0","0","1","0","0","levi","27/10/2025 16:09:09","levi","27/10/2025 16:09:09"
"227","0","泛癌种1238基因报告-济南中心","","实体瘤1238基因检测报告","1","0","1","1","1","0","0","1","0","0","0","0","0","1","0","1","0","0","0","0","1","0","0","0","1","1","0","0","1","1","1","1","1","1","1","0","0","0","0","1","1","0","0","1","0","1","1","0","0","1","1","1","1","1","0","0","1","0","1","0","1","0","0","0","0","1","0","0","0","0","0","0","0","1","1","0","1","1","0","1","0","0","1","1","0","1","0","1","0","0","1","0","0","levi","17/11/2025 16:38:16","levi","17/11/2025 16:38:16"
"228","0","泛实体瘤1238+1166基因检测报告-齐鲁","","实体瘤1238+1166基因检测报告","1","0","1","1","1","0","0","1","0","0","0","0","0","1","0","1","0","0","0","0","1","0","0","0","1","1","0","0","1","1","1","1","1","1","1","0","0","0","0","1","1","0","0","1","0","1","1","0","0","1","1","1","1","1","0","0","1","1","1","0","1","0","0","0","0","1","0","0","0","0","0","0","0","1","1","0","1","1","0","1","0","0","1","1","0","1","0","1","0","0","1","0","0","levi","18/11/2025 15:17:38","levi","18/11/2025 15:17:38"
"229","0","泛癌种188基因报告-单样本-圣维尔","","实体瘤188基因检测报告","1","0","1","1","1","0","0","1","0","0","0","0","0","0","0","0","0","0","0","0","1","0","1","0","0","0","0","0","1","0","0","1","0","0","0","0","0","0","0","1","1","0","0","1","1","0","0","0","0","0","1","0","0","0","0","0","0","1","1","0","1","0","0","0","0","0","0","0","0","0","0","0","0","1","0","0","1","0","0","1","0","0","0","0","0","1","0","1","0","0","0","0","0","levi","18/11/2025 15:17:06","levi","18/11/2025 15:17:06"
"231","0","泛实体瘤1238+1166基因报告-同济","","实体瘤1238+1166基因检测报告","1","0","1","1","1","0","0","1","0","0","0","0","0","1","0","1","0","0","0","0","1","0","0","0","1","1","0","0","1","1","1","1","1","1","1","0","0","0","0","1","1","0","0","1","0","1","1","0","0","1","1","1","1","1","0","0","1","1","1","0","1","0","0","0","0","1","0","0","0","0","0","0","0","1","1","0","1","1","0","1","0","0","1","1","0","1","0","1","0","0","1","0","0","levi","25/11/2025 18:52:42","levi","25/11/2025 18:52:42"
"232","0","肺癌49报告-尚宁","","肺癌49基因检测报告","1","0","1","1","1","0","0","0","0","0","0","0","0","0","0","0","0","0","0","0","0","0","1","0","0","0","0","0","1","0","0","0","0","0","0","0","0","0","0","0","0","0","0","0","1","0","0","0","0","0","0","0","0","0","0","0","0","0","0","0","1","0","0","0","0","0","0","0","0","0","0","0","0","1","0","0","1","0","0","1","0","0","0","0","0","1","0","1","0","0","0","0","0","levi","16/5/2025 17:33:52","levi","16/5/2025 17:33:55"
"233","0","肠癌11基因报告-博奥","","结直肠癌11基因检测报告","1","0","1","1","1","0","0","0","0","0","0","0","0","0","0","0","0","0","0","0","0","0","1","0","0","0","0","0","1","0","0","0","0","0","0","0","0","0","0","0","0","0","0","0","1","0","0","0","0","0","0","0","0","0","0","0","0","0","1","0","1","0","0","0","0","0","0","0","0","0","0","0","0","1","0","0","1","0","0","1","0","0","0","0","0","1","0","1","0","0","0","0","0","levi","16/5/2025 17:43:36","levi","16/5/2025 17:43:38"
"234","0","肺癌11基因报告-博奥","","肺癌11基因检测报告","1","0","1","1","1","0","0","0","0","0","0","0","0","0","0","0","0","0","0","0","0","0","1","0","0","0","0","0","1","0","0","0","0","0","0","0","0","0","0","1","0","0","0","0","1","0","0","0","0","0","0","0","0","0","0","0","0","0","0","0","1","0","0","0","0","0","0","0","0","0","0","0","0","1","0","0","1","0","0","1","0","0","0","0","0","1","0","1","0","0","0","0","0","levi","11/6/2025 11:08:33","levi","11/6/2025 11:08:33"
"235","0","消化道肿瘤50基因报告-双样本-博奥","","消化道肿瘤50基因检测报告","1","0","1","1","1","0","0","0","0","0","0","0","0","0","0","0","0","0","0","0","0","0","0","0","1","1","0","0","1","0","0","1","1","0","0","0","0","0","0","1","0","0","0","0","0","1","1","0","0","0","1","1","0","0","0","0","0","0","1","0","1","0","0","0","0","0","0","0","0","0","0","0","0","1","0","0","1","0","0","1","0","0","0","0","0","1","0","1","0","0","0","0","0","levi","16/3/2025 23:46:37","levi","16/3/2025 23:46:47"
"236","0","肺癌68基因报告-单样本-兰卫","","肺癌68基因检测报告","1","0","1","1","1","0","0","0","0","0","0","0","0","0","0","0","0","0","0","0","0","0","1","0","0","0","0","0","1","0","0","0","0","0","0","0","0","0","0","1","0","0","0","0","1","0","0","0","0","0","0","0","0","0","0","0","0","0","1","0","1","0","0","0","0","0","0","0","0","0","0","0","0","1","0","0","1","0","0","1","0","0","0","0","0","1","0","1","0","0","0","0","0","levi","23/1/2026 16:38:35","levi","23/1/2026 16:38:35"
"237","0","子宫内膜癌报告-兰卫","","子宫内膜癌检测报告","1","0","1","1","0","0","0","0","0","0","0","0","0","1","0","0","0","0","0","0","0","0","0","0","1","1","0","0","1","0","0","1","0","0","0","0","0","0","0","0","0","0","0","0","0","1","1","0","0","0","1","0","0","0","0","0","0","0","0","0","1","0","0","0","0","0","0","1","0","0","0","0","0","0","0","0","1","0","0","1","0","0","0","0","0","1","0","1","0","0","0","0","0","levi","21/3/2025 18:50:38","levi","21/3/2025 18:50:43"
"238","0","实体瘤108DNA+33RNA基因检测-单样本-山肿","","实体瘤108+33基因检测报告","1","0","1","1","1","0","0","0","0","0","0","0","0","0","0","0","0","0","0","0","0","0","1","0","0","0","0","0","1","0","0","1","0","1","1","0","0","0","0","1","0","0","0","0","1","0","0","0","0","0","1","0","1","1","0","0","0","0","1","0","1","0","0","0","0","0","0","0","0","0","0","0","0","1","0","0","1","0","0","1","0","0","0","0","0","0","0","1","0","0","0","0","0","levi","13/6/2025 10:03:27","levi","13/6/2025 10:03:27"
"239","0","肉瘤1238+1166基因检测报告-WJM","","肉瘤1238+1166基因检测报告","1","0","1","1","1","0","0","0","0","0","0","1","0","0","0","1","0","0","0","0","0","0","0","0","1","1","0","0","1","1","1","1","1","1","1","0","0","0","0","1","1","0","0","0","0","1","1","0","0","1","1","1","1","1","0","0","1","0","1","0","1","0","0","0","0","1","0","0","0","0","0","0","0","1","1","0","1","1","0","1","0","0","1","1","0","1","0","1","0","0","1","0","0","levi","3/2/2026 15:05:45","levi","3/2/2026 15:05:45"
"240","0","肉瘤550+596基因检测报告-WJM","","骨及软组织肿瘤550+596基因全景版检测报告","1","0","1","1","1","0","0","0","0","0","0","1","0","0","0","1","0","0","0","0","0","0","0","0","1","1","0","0","1","1","1","1","1","1","1","0","0","0","0","1","1","0","0","0","0","1","1","0","0","1","1","1","1","1","0","0","1","0","1","0","1","0","0","0","0","1","0","0","0","0","0","0","0","1","1","0","1","1","0","1","0","0","1","1","0","1","0","1","0","0","1","0","0","levi","30/5/2025 10:40:50","levi","30/5/2025 10:40:50"
"241","0","泛实体瘤1238+1166基因检测报告-WJM","","实体瘤1238+1166基因检测报告","1","0","1","1","1","0","0","1","0","0","0","0","0","1","0","1","0","0","0","0","1","0","0","0","1","1","0","0","1","1","1","1","1","1","1","0","0","0","0","1","1","0","0","1","0","1","1","0","0","1","1","1","1","1","0","0","1","1","1","0","1","0","0","0","0","1","0","0","0","0","0","0","0","1","1","0","1","1","0","1","0","0","1","1","0","1","0","1","0","0","1","0","0","levi","18/11/2025 15:16:36","levi","18/11/2025 15:16:36"
"242","0","泛实体瘤550+596基因检测报告-WJM","","实体瘤550+596基因全景版检测报告","1","0","1","1","1","0","0","1","0","0","0","0","0","1","0","1","0","0","0","0","1","0","0","0","1","1","0","0","1","1","1","1","1","1","1","0","0","0","0","1","1","0","0","1","0","1","1","0","0","1","1","1","1","1","0","0","1","1","1","0","1","0","0","0","0","1","0","0","0","0","0","0","0","1","1","0","1","1","0","1","0","0","1","1","0","1","0","1","0","0","1","0","0","levi","18/11/2025 15:16:37","levi","18/11/2025 15:16:37"
"243","0","泛实体瘤108+33基因检测报告-单样本-WJM","","实体瘤108+33基因检测报告","1","0","1","1","1","0","0","0","0","0","0","0","0","0","0","0","0","0","0","0","0","0","1","0","0","0","0","0","1","0","0","1","0","1","1","0","0","0","0","1","0","0","0","0","1","0","0","0","0","0","1","0","1","1","0","0","0","0","1","0","1","0","0","0","0","0","0","0","0","0","0","0","0","1","0","0","1","0","0","1","0","0","0","0","0","0","0","1","0","0","0","0","0","levi","13/6/2025 10:03:27","levi","13/6/2025 10:03:27"
"244","0","泛实体瘤58+22基因检测报告-单样本-WJM","","实体瘤58+22基因检测报告","1","0","1","1","1","0","0","0","0","0","0","0","0","0","0","0","0","0","0","0","0","0","1","0","0","0","0","0","1","0","0","1","0","0","0","0","0","0","0","1","0","0","0","0","1","0","0","0","0","0","1","0","0","0","0","0","0","0","1","0","1","0","0","0","0","0","0","0","0","0","0","0","0","1","0","0","1","0","0","1","0","0","0","0","0","0","0","1","0","0","0","0","0","levi","13/6/2025 10:03:48","levi","13/6/2025 10:03:48"
"245","0","肺癌68基因报告-单样本-博奥","","肺癌68基因检测报告","1","0","1","1","1","0","0","0","0","0","0","0","0","0","0","0","0","0","0","0","0","0","1","0","0","0","0","0","1","0","0","0","0","0","0","0","0","0","0","1","0","0","0","0","1","0","0","0","0","0","0","0","0","0","0","0","0","0","1","0","1","0","0","0","0","0","0","0","0","0","0","0","0","1","0","0","1","0","0","1","0","0","0","0","0","1","0","1","0","0","0","0","0","levi","22/5/2025 15:20:41","levi","22/5/2025 15:20:41"
"246","0","消化道肿瘤50基因报告-单样本-博奥","","消化道肿瘤50基因检测报告","1","0","1","1","1","0","0","0","0","0","0","0","0","0","0","0","0","0","0","0","0","0","1","0","0","0","0","0","1","0","0","1","0","0","0","0","0","0","0","1","0","0","0","0","1","0","0","0","0","0","1","0","0","0","0","0","0","0","1","0","1","0","0","0","0","0","0","0","0","0","0","0","0","1","0","0","1","0","0","1","0","0","0","0","0","1","0","1","0","0","0","0","0","levi","27/2/2026 19:15:48","levi","27/2/2026 19:15:48"
"247","0","泛实体瘤188基因报告-博奥","","实体瘤188基因检测报告","1","0","1","1","1","0","0","1","0","0","0","0","0","1","0","1","0","0","0","0","1","0","0","0","1","1","0","0","1","1","0","1","1","0","0","0","0","0","0","1","1","0","0","1","0","1","1","0","0","0","1","1","0","0","0","0","1","1","1","0","1","0","0","0","0","1","0","0","0","0","0","0","0","1","1","0","1","1","0","1","0","0","1","1","0","1","0","1","0","0","1","0","0","levi","27/2/2026 15:02:46","levi","27/2/2026 15:02:46"
"248","0","泛癌种86基因报告-单样本-博奥","","实体瘤86基因检测报告","1","0","1","1","1","0","0","0","0","0","0","0","0","0","0","0","0","0","0","0","0","0","1","0","0","0","0","0","1","0","0","1","0","0","0","0","0","0","0","1","0","0","0","0","1","0","0","0","0","0","1","0","0","0","0","0","0","0","1","0","1","0","0","0","0","0","0","0","0","0","0","0","0","1","0","0","1","0","0","1","0","0","0","0","0","1","0","1","0","0","0","0","0","levi","20/5/2025 15:35:33","levi","20/5/2025 15:35:33"
"249","0","NOVO泛癌种1238报告-博奥","","实体瘤1238基因检测报告","1","0","1","1","1","0","0","1","0","0","0","0","0","1","0","1","0","0","0","0","1","0","0","0","1","1","0","0","1","1","1","1","1","1","1","0","0","0","0","1","1","0","0","1","0","1","1","0","0","1","1","1","1","1","0","0","1","1","1","0","1","0","0","0","0","1","0","0","0","0","0","0","0","1","1","0","1","1","0","1","0","0","1","1","0","1","0","1","0","0","1","0","0","levi","18/11/2025 15:16:28","levi","18/11/2025 15:16:28"
"250","0","实体瘤分子残留病灶(MRD)组织1238基因报告-博奥","","实体瘤分子残留病灶（MRD）组织1238基因检测报告","1","0","1","1","1","0","0","1","0","0","0","0","0","1","0","1","0","0","0","0","1","0","0","0","1","1","0","0","1","1","1","1","1","1","1","0","0","0","0","1","1","0","0","1","0","1","1","0","1","1","1","1","1","1","0","0","1","1","1","0","1","0","0","0","0","1","0","0","0","0","0","0","0","1","1","0","1","1","0","1","0","0","1","1","0","1","0","1","0","0","1","0","0","levi","18/11/2025 15:17:27","levi","18/11/2025 15:17:27"
"251","0","乳腺癌199基因检测报告","","乳腺癌199基因检测报告","1","0","1","1","1","0","0","0","0","0","0","0","0","0","0","0","0","0","0","0","0","0","0","0","1","1","0","0","1","0","0","1","1","0","0","0","0","0","0","1","1","0","0","0","1","0","0","0","0","0","1","1","0","0","0","0","0","0","1","0","1","0","0","0","0","0","0","0","0","0","0","0","0","1","0","0","1","0","0","1","0","0","0","0","1","1","0","1","0","0","0","0","0","levi","23/3/2026 17:16:44","levi","23/3/2026 17:16:44"
"252","0","乳腺癌199基因报告","","乳腺癌199基因检测报告","1","0","1","1","1","0","0","0","0","0","0","0","0","0","0","0","0","0","0","0","0","0","0","0","1","1","0","0","1","0","0","1","1","0","0","0","0","0","0","1","1","0","0","0","1","0","0","0","0","0","1","1","0","0","0","0","0","0","1","0","1","0","0","0","0","0","0","0","0","0","0","0","0","1","0","0","1","0","0","1","0","0","0","0","1","1","0","1","0","0","0","0","0","levi","23/3/2026 17:16:47","levi","23/3/2026 17:16:47"
"253","0","乳腺癌199基因+HRDscore检测报告","","乳腺癌199基因+同源重组修复缺陷评分（HRD score）检测报告","1","0","1","1","1","0","0","0","1","1","1","0","0","0","0","0","0","0","0","0","0","0","0","0","1","1","0","0","1","0","0","1","1","0","0","0","0","0","0","1","1","0","1","0","1","0","0","0","0","0","1","1","0","0","0","0","0","0","1","0","1","0","0","0","0","0","0","0","1","1","0","0","0","1","0","0","1","0","0","1","0","0","0","0","1","1","0","1","0","0","0","0","0","levi","25/3/2026 17:24:28","levi","25/3/2026 17:24:28"
"254","0","乳腺癌199基因+HRDscore报告","","乳腺癌199基因+同源重组修复缺陷评分（HRD score）检测报告","1","0","1","1","1","0","0","0","1","1","1","0","0","0","0","0","0","0","0","0","0","0","0","0","1","1","0","0","1","0","0","1","1","0","0","0","0","0","0","1","1","0","1","0","1","0","0","0","0","0","1","1","0","0","0","0","0","0","1","0","1","0","0","0","0","0","0","0","1","1","0","0","0","1","0","0","1","0","0","1","0","0","0","0","1","1","0","1","0","0","0","0","0","levi","25/3/2026 17:24:29","levi","25/3/2026 17:24:29"
"255","0","肺癌462基因检测报告-单样本","","肺癌462基因检测报告","1","0","1","1","1","0","0","1","0","0","0","0","0","1","0","0","0","0","0","0","1","0","1","0","0","0","0","0","1","0","1","1","0","1","1","0","0","0","0","1","1","0","0","1","1","0","0","0","0","1","1","0","1","1","0","0","0","1","1","0","1","0","0","0","0","0","0","1","0","0","0","0","0","1","0","0","1","0","0","1","0","0","0","0","0","0","0","1","0","0","0","0","0","levi","26/3/2026 14:00:52","levi","26/3/2026 14:00:52"
"256","0","肺癌11基因报告-济南中心","","肿瘤定制化检测基础套餐（11基因）","1","0","1","1","1","0","0","0","0","0","0","0","0","0","0","0","0","0","0","0","0","0","1","0","0","0","0","0","1","0","0","0","0","0","0","0","0","0","0","1","0","0","0","0","1","0","0","0","0","0","0","0","0","0","0","0","0","0","0","0","1","0","0","0","0","0","0","0","0","0","0","0","0","1","0","0","1","0","0","1","0","0","0","0","0","1","0","1","0","0","0","0","0","levi","1/4/2026 11:09:53","levi","1/4/2026 11:09:53"
"257","0","肠癌11基因报告-济南中心","","肿瘤定制化检测基础套餐（11基因）","1","0","1","1","1","0","0","0","0","0","0","0","0","0","0","0","0","0","0","0","0","0","1","0","0","0","0","0","1","0","0","0","0","0","0","0","0","0","0","0","0","0","0","0","1","0","0","0","0","0","0","0","0","0","0","0","0","0","1","0","1","0","0","0","0","0","0","0","0","0","0","0","0","1","0","0","1","0","0","1","0","0","0","0","0","1","0","1","0","0","0","0","0","levi","1/4/2026 11:10:02","levi","1/4/2026 11:10:02"
"258","0","肺癌49报告-济南中心","","肿瘤定制化检测基础套餐（49基因）","1","0","1","1","1","0","0","0","0","0","0","0","0","0","0","0","0","0","0","0","0","0","1","0","0","0","0","0","1","0","0","0","0","0","0","0","0","0","0","0","0","0","0","0","1","0","0","0","0","0","0","0","0","0","0","0","0","0","0","0","1","0","0","0","0","0","0","0","0","0","0","0","0","1","0","0","1","0","0","1","0","0","0","0","0","1","0","1","0","0","0","0","0","levi","1/4/2026 11:10:09","levi","1/4/2026 11:10:09"
"259","0","消化道肿瘤50基因报告-单样本-济南中心","","肿瘤定制化检测基础套餐（49基因）","1","0","1","1","1","0","0","0","0","0","0","0","0","0","0","0","0","0","0","0","0","0","1","0","0","0","0","0","1","0","0","1","0","0","0","0","0","0","0","1","0","0","0","0","1","0","0","0","0","0","1","0","0","0","0","0","0","0","1","0","1","0","0","0","0","0","0","0","0","0","0","0","0","1","0","0","1","0","0","1","0","0","0","0","0","1","0","1","0","0","0","0","0","levi","1/4/2026 11:10:16","levi","1/4/2026 11:10:16"
"260","0","泛实体瘤58+22基因报告-单样本-济南中心","","肿瘤定制化检测基础套餐（58基因DR双检）","1","0","1","1","1","0","0","0","0","0","0","0","0","0","0","0","0","0","0","0","0","0","1","0","0","0","0","0","1","0","0","1","0","0","0","0","0","0","0","1","0","0","0","0","1","0","0","0","0","0","1","0","0","0","0","0","0","0","1","0","1","0","0","0","0","0","0","0","0","0","0","0","0","1","0","0","1","0","0","1","0","0","0","0","0","0","0","1","0","0","0","0","0","levi","2/4/2026 13:45:07","levi","2/4/2026 13:45:07"
"262","0","泛实体瘤188基因检测报告-单样本-苏州九院","","实体瘤精准用药基因检测","1","0","1","1","1","0","0","1","0","0","0","0","0","0","0","0","0","0","0","0","1","0","1","0","0","0","0","0","1","0","0","1","0","0","0","0","0","0","0","1","1","0","0","1","1","0","0","0","0","0","1","0","0","0","0","0","0","1","1","0","1","0","0","0","0","0","0","0","0","0","0","0","0","1","0","0","1","0","0","1","0","0","0","0","0","1","0","1","0","0","0","0","0","levi","3/4/2026 16:01:58","levi","3/4/2026 16:01:58"
"263","0","胆道癌56基因检测报告-单样本-苏州九院","胆道癌56基因检测报告","实体瘤精准用药基因检测","1","0","1","1","1","0","0","0","0","0","0","0","0","0","0","0","0","0","0","0","0","0","1","0","0","0","0","0","1","0","0","1","0","0","0","0","0","0","0","1","0","0","0","0","1","0","0","0","0","0","1","0","0","0","0","0","0","0","1","0","1","0","0","0","0","0","0","0","0","0","0","0","0","1","0","0","1","0","0","1","0","0","0","0","1","1","0","0","0","0","0","1","0","levi","3/4/2026 16:02:10","levi","3/4/2026 16:02:10"
"264","0","泛实体瘤58+22基因检测报告-单样本-苏州九院","","实体瘤精准用药基因检测","1","0","1","1","1","0","0","0","0","0","0","0","0","0","0","0","0","0","0","0","0","0","1","0","0","0","0","0","1","0","0","1","0","0","0","0","0","0","0","1","0","0","0","0","1","0","0","0","0","0","1","0","0","0","0","0","0","0","1","0","1","0","0","0","0","0","0","0","0","0","0","0","0","1","0","0","1","0","0","1","0","0","0","0","0","0","0","1","0","0","0","0","0","levi","3/4/2026 16:01:22","levi","3/4/2026 16:01:22"
"265","0","泛实体瘤108+33基因检测报告-单样本-苏州九院","","实体瘤精准用药基因检测","1","0","1","1","1","0","0","0","0","0","0","0","0","0","0","0","0","0","0","0","0","0","1","0","0","0","0","0","1","0","0","1","0","1","1","0","0","0","0","1","0","0","0","0","1","0","0","0","0","0","1","0","1","1","0","0","0","0","1","0","1","0","0","0","0","0","0","0","0","0","0","0","0","1","0","0","1","0","0","1","0","0","0","0","0","0","0","1","0","0","0","0","0","levi","3/4/2026 16:02:13","levi","3/4/2026 16:02:13"
"266","0","肝胆胰腺肿瘤120基因检测报告-单样本-苏州九院","","实体瘤精准用药基因检测","1","0","1","1","1","0","0","0","0","0","0","0","0","0","0","0","0","0","0","0","0","0","1","0","0","0","0","0","1","0","0","1","0","0","0","0","0","0","0","1","0","0","0","0","1","0","0","0","0","0","1","0","0","0","0","0","0","0","1","0","1","0","0","0","0","0","0","0","0","0","0","0","0","1","0","0","1","0","0","1","0","0","0","0","0","1","0","1","0","0","0","0","0","levi","3/4/2026 16:02:18","levi","3/4/2026 16:02:18"
"267","0","泛实体瘤188基因检测报告(升级版)-苏州九院","","实体瘤精准用药基因检测","1","0","1","1","1","0","0","1","0","0","0","0","0","1","0","1","0","0","0","0","1","0","0","0","1","1","0","0","1","1","0","1","1","0","0","0","0","0","0","1","1","0","0","1","0","1","1","0","0","0","1","1","0","0","0","0","1","1","1","0","1","0","0","0","0","1","0","0","0","0","0","0","0","1","1","0","1","1","0","1","0","0","1","1","0","1","0","1","0","0","1","0","0","levi","18/11/2025 15:18:47","levi","18/11/2025 15:18:47"
"268","0","肺癌86基因报告-单样本-苏州九院","","实体瘤精准用药基因检测","1","0","1","1","1","0","0","0","0","0","0","0","0","0","0","0","0","0","0","0","0","0","1","0","0","0","0","0","1","0","0","1","0","0","0","0","0","0","0","1","0","0","0","0","1","0","0","0","0","0","1","0","0","0","0","0","0","0","1","0","1","0","0","0","0","0","0","0","0","0","0","0","0","1","0","0","1","0","0","1","0","0","0","0","0","1","0","1","0","0","0","0","0","levi","24/7/2025 13:38:35","levi","24/7/2025 13:38:35"
"269","0","泛癌种86基因检测报告-苏州九院","","实体瘤精准用药基因检测","1","0","1","1","1","0","0","0","0","0","0","0","0","0","0","0","0","0","0","0","0","0","0","0","1","1","0","0","1","0","0","1","1","0","0","0","0","0","0","1","0","0","0","0","0","1","1","0","0","0","1","1","0","0","0","0","0","0","1","0","1","0","0","0","0","0","0","0","0","0","0","0","0","1","0","0","1","0","0","1","0","0","0","0","0","1","0","1","0","0","0","0","0","levi","3/4/2026 17:02:41","levi","3/4/2026 17:02:41"
"270","0","泛实体瘤188基因检测报告-苏州九院","","实体瘤精准用药基因检测","1","0","1","1","1","0","0","1","0","0","0","0","0","1","0","1","0","0","0","0","1","0","0","0","1","1","0","0","1","1","0","1","1","0","0","0","0","0","0","1","1","0","0","1","0","1","1","0","0","0","1","1","0","0","0","0","1","1","1","0","1","0","0","0","0","1","0","0","0","0","0","0","0","1","1","0","1","1","0","1","0","0","1","1","0","1","0","1","0","0","1","0","0","levi","18/11/2025 15:16:25","levi","18/11/2025 15:16:25"
"271","0","泌尿系统肿瘤99基因检测报告-苏州九院","","实体瘤精准用药基因检测","1","0","1","1","1","0","0","0","0","0","0","0","0","0","0","0","0","0","0","0","0","0","0","0","1","1","0","0","1","1","0","1","1","1","1","0","0","0","0","1","0","0","0","0","0","1","1","0","0","0","1","1","1","1","0","0","1","0","1","0","1","0","0","0","0","0","0","0","0","0","0","0","0","1","0","0","1","0","0","1","0","0","0","0","0","0","0","1","0","0","0","0","0","levi","16/3/2025 23:42:50","levi","16/3/2025 23:42:55"
"272","0","胆道癌56基因检测报告-苏州九院","","实体瘤精准用药基因检测","1","0","1","1","1","0","0","0","0","0","0","0","0","0","0","0","0","0","0","0","0","0","0","0","1","1","0","0","1","0","0","1","1","0","0","0","0","0","0","1","0","0","0","0","0","1","1","0","0","0","1","1","0","0","0","0","0","0","1","0","1","0","0","0","0","0","0","0","0","0","0","0","0","1","0","0","1","0","0","1","0","0","0","0","1","1","0","0","0","0","0","1","0","levi","18/8/2025 17:04:45","levi","18/8/2025 17:04:45"
"273","0","肝胆胰腺肿瘤120基因检测报告-苏州九院","","实体瘤精准用药基因检测","1","0","1","1","1","0","0","0","0","0","0","0","0","0","0","0","0","0","0","0","0","0","0","0","1","1","0","0","1","0","0","1","1","0","0","0","0","0","0","1","0","0","0","0","0","1","1","0","0","0","1","1","0","0","0","0","0","0","1","0","1","0","0","0","0","0","0","0","0","0","0","0","0","1","0","0","1","0","0","1","0","0","0","0","0","1","0","1","0","0","0","0","0","levi","21/3/2025 18:58:20","levi","21/3/2025 18:58:24"
"274","0","BRCA45基因报告-胚系-苏州九院","","DNA损伤修复45基因检测报告","1","0","1","1","1","0","0","0","0","0","0","0","0","0","0","0","0","0","0","0","0","0","0","1","0","0","0","0","1","0","0","0","0","0","0","0","0","0","0","0","0","0","0","0","1","0","0","0","0","0","0","0","0","0","0","0","0","0","0","0","1","0","0","0","0","0","0","0","1","1","1","0","0","0","0","0","1","0","0","1","0","0","0","0","0","1","0","1","0","0","0","0","0","levi","16/5/2025 17:35:08","levi","16/5/2025 17:35:10"
"275","0","HRR45_HRDscore基因报告-苏州九院","","肿瘤同源重组修复缺陷（HRD pro）专业版检测报告","1","0","1","1","1","0","0","0","1","1","1","0","0","0","0","0","0","0","0","0","0","0","0","0","1","1","0","0","1","0","0","0","0","0","0","0","0","0","0","0","0","0","1","0","0","1","1","0","0","0","0","0","0","0","0","0","0","0","0","0","1","0","0","0","0","0","0","0","1","1","1","1","1","0","0","0","1","0","0","1","0","0","0","0","0","1","0","1","0","0","0","0","0","levi","16/3/2025 23:39:48","levi","16/3/2025 23:39:52"
"276","0","BRCA45基因报告-苏州九院","","DNA损伤修复45基因检测报告","1","0","1","1","1","0","0","0","0","0","0","0","0","0","0","0","0","0","0","0","0","0","0","0","1","1","0","0","1","0","0","0","0","0","0","0","0","0","0","0","0","0","0","0","0","1","1","0","0","0","0","0","0","0","0","0","0","0","0","0","1","0","0","0","0","0","0","0","1","1","1","0","0","0","0","0","1","0","0","1","0","0","0","0","0","1","0","1","0","0","0","0","0","levi","16/3/2025 23:36:15","levi","16/3/2025 23:36:19"
"277","0","肺癌49报告-苏州九院","","肺癌49基因检测报告","1","0","1","1","1","0","0","0","0","0","0","0","0","0","0","0","0","0","0","0","0","0","1","0","0","0","0","0","1","0","0","0","0","0","0","0","0","0","0","0","0","0","0","0","1","0","0","0","0","0","0","0","0","0","0","0","0","0","0","0","1","0","0","0","0","0","0","0","0","0","0","0","0","1","0","0","1","0","0","1","0","0","0","0","0","1","0","1","0","0","0","0","0","levi","16/5/2025 17:33:52","levi","16/5/2025 17:33:55"
"278","0","肠癌11基因报告-苏州九院","","结直肠癌11基因检测报告","1","0","1","1","1","0","0","0","0","0","0","0","0","0","0","0","0","0","0","0","0","0","1","0","0","0","0","0","1","0","0","0","0","0","0","0","0","0","0","0","0","0","0","0","1","0","0","0","0","0","0","0","0","0","0","0","0","0","1","0","1","0","0","0","0","0","0","0","0","0","0","0","0","1","0","0","1","0","0","1","0","0","0","0","0","1","0","1","0","0","0","0","0","levi","16/5/2025 17:43:36","levi","16/5/2025 17:43:38"
"279","0","消化道肿瘤50基因检测报告-双样本-苏州九院","","消化道肿瘤50基因检测报告","1","0","1","1","1","0","0","0","0","0","0","0","0","0","0","0","0","0","0","0","0","0","0","0","1","1","0","0","1","0","0","1","1","0","0","0","0","0","0","1","0","0","0","0","0","1","1","0","0","0","1","1","0","0","0","0","0","0","1","0","1","0","0","0","0","0","0","0","0","0","0","0","0","1","0","0","1","0","0","1","0","0","0","0","0","1","0","1","0","0","0","0","0","levi","16/3/2025 23:46:37","levi","16/3/2025 23:46:47"
"280","0","消化道肿瘤50基因检测报告-单样本-苏州九院","","消化道肿瘤50基因检测报告","1","0","1","1","1","0","0","0","0","0","0","0","0","0","0","0","0","0","0","0","0","0","1","0","0","0","0","0","1","0","0","1","0","0","0","0","0","0","0","1","0","0","0","0","1","0","0","0","0","0","1","0","0","0","0","0","0","0","1","0","1","0","0","0","0","0","0","0","0","0","0","0","0","1","0","0","1","0","0","1","0","0","0","0","0","1","0","1","0","0","0","0","0","levi","16/5/2025 17:33:13","levi","16/5/2025 17:33:15"
"281","0","子宫内膜癌检测报告-苏州九院","","子宫内膜癌检测报告","1","0","1","1","0","0","0","0","0","0","0","0","0","1","0","0","0","0","0","0","0","0","0","0","1","1","0","0","1","0","0","1","0","0","0","0","0","0","0","0","0","0","0","0","0","1","1","0","0","0","1","0","0","0","0","0","0","0","0","0","1","0","0","0","0","0","0","1","0","0","0","0","0","0","0","0","1","0","0","1","0","0","0","0","0","1","0","1","0","0","0","0","0","levi","21/3/2025 18:50:38","levi","21/3/2025 18:50:43"
"282","0","BRCA45基因报告-体系-苏州九院","","DNA损伤修复45基因检测报告","1","0","1","1","1","0","0","0","0","0","0","0","0","0","0","0","0","0","0","0","0","0","1","0","0","0","0","0","1","0","0","0","0","0","0","0","0","0","0","0","0","0","0","0","1","0","0","0","0","0","0","0","0","0","0","0","0","0","0","0","1","0","0","0","0","0","0","0","1","1","0","0","0","0","0","0","1","0","0","1","0","0","0","0","0","1","0","1","0","0","0","0","0","levi","16/5/2025 17:34:33","levi","16/5/2025 17:34:36"
"283","0","肺癌68基因报告-单样本-苏州九院","","肺癌68基因检测报告","1","0","1","1","1","0","0","0","0","0","0","0","0","0","0","0","0","0","0","0","0","0","1","0","0","0","0","0","1","0","0","0","0","0","0","0","0","0","0","1","0","0","0","0","1","0","0","0","0","0","0","0","0","0","0","0","0","0","1","0","1","0","0","0","0","0","0","0","0","0","0","0","0","1","0","0","1","0","0","1","0","0","0","0","0","1","0","1","0","0","0","0","0","levi","22/5/2025 15:20:41","levi","22/5/2025 15:20:41"
"284","0","泛癌种86基因检测报告-单样本-苏州九院","","实体瘤精准用药基因检测","1","0","1","1","1","0","0","0","0","0","0","0","0","0","0","0","0","0","0","0","0","0","1","0","0","0","0","0","1","0","0","1","0","0","0","0","0","0","0","1","0","0","0","0","1","0","0","0","0","0","1","0","0","0","0","0","0","0","1","0","1","0","0","0","0","0","0","0","0","0","0","0","0","1","0","0","1","0","0","1","0","0","0","0","0","1","0","1","0","0","0","0","0","levi","7/4/2026 13:40:05","levi","7/4/2026 13:40:05"
"285","0","BRCA12基因+同源重组修复缺陷评分（HRD score）报告-兰卫","","BRCA1/2基因+同源重组修复缺陷评分（HRD score）检测报告","1","0","1","1","0","0","0","0","1","1","1","0","0","0","0","0","0","0","0","0","0","0","0","0","1","1","0","0","0","0","0","0","0","0","0","0","0","0","0","0","0","0","1","0","0","1","1","0","0","0","0","0","0","0","0","0","0","0","0","0","1","0","0","0","0","0","0","0","1","0","1","1","1","0","0","0","0","0","0","1","0","0","0","0","0","0","0","1","0","0","0","0","0","levi","16/3/2025 23:59:41","levi","16/3/2025 23:59:45"
"286","0","肺癌25基因检测报告-完整版-病理科","","肺癌25基因检测报告","1","0","1","1","1","0","0","0","0","0","0","0","0","0","0","0","0","0","0","0","0","0","1","0","0","0","0","0","1","0","0","0","0","0","0","0","0","0","0","0","0","0","0","0","1","0","0","0","0","0","0","0","0","0","0","0","0","0","0","0","1","0","0","0","0","0","0","0","0","0","0","0","0","1","0","0","1","0","0","1","0","0","0","0","0","1","0","1","0","0","0","0","0","levi","16/5/2025 17:39:57","levi","16/5/2025 17:39:59"
"287","0","肺癌25基因检测报告-简单版","","肺癌25基因检测报告","1","0","1","1","1","0","0","0","0","0","0","0","0","0","0","0","0","0","0","0","0","0","1","0","0","0","0","0","1","0","0","0","0","0","0","0","0","0","0","0","0","0","0","0","1","0","0","0","0","0","0","0","0","0","0","0","0","0","0","0","1","0","0","0","0","0","0","0","0","0","0","0","0","1","0","0","1","0","0","1","0","0","0","0","0","1","0","1","0","0","0","0","0","levi","16/5/2025 17:39:57","levi","16/5/2025 17:39:59"
"288","0","肺癌16基因报告-济南中心","","肿瘤定制化检测基础套餐（16基因）","1","0","1","1","1","0","0","0","0","0","0","0","0","0","0","0","0","0","0","0","0","0","1","0","0","0","0","0","1","0","0","0","0","0","0","0","0","0","0","0","0","0","0","0","1","0","0","0","0","0","0","0","0","0","0","0","0","0","0","0","1","0","0","0","0","0","0","0","0","0","0","0","0","1","0","0","1","0","0","1","0","0","0","0","0","1","0","1","0","0","0","0","0","levi","9/5/2026 16:38:29","levi","9/5/2026 16:38:29"
"289","0","肠癌16基因报告-济南中心","","肿瘤定制化检测基础套餐（16基因）","1","0","1","1","1","0","0","0","0","0","0","0","0","0","0","0","0","0","0","0","0","0","1","0","0","0","0","0","1","0","0","0","0","0","0","0","0","0","0","0","0","0","0","0","1","0","0","0","0","0","0","0","0","0","0","0","0","0","1","0","1","0","0","0","0","0","0","0","0","0","0","0","0","1","0","0","1","0","0","1","0","0","0","0","0","1","0","1","0","0","0","0","0","levi","9/5/2026 16:38:30","levi","9/5/2026 16:38:30"
"290","0","肺癌55基因报告-济南中心","","肿瘤定制化检测基础套餐（55基因）","1","0","1","1","1","0","0","0","0","0","0","0","0","0","0","0","0","0","0","0","0","0","1","0","0","0","0","0","1","0","0","0","0","0","0","0","0","0","0","0","0","0","0","0","1","0","0","0","0","0","0","0","0","0","0","0","0","0","0","0","1","0","0","0","0","0","0","0","0","0","0","0","0","1","0","0","1","0","0","1","0","0","0","0","0","1","0","1","0","0","0","0","0","levi","9/5/2026 16:38:34","levi","9/5/2026 16:38:34"
"291","0","肠癌55基因报告-济南中心","","肿瘤定制化检测基础套餐（55基因）","1","0","1","1","1","0","0","0","0","0","0","0","0","0","0","0","0","0","0","0","0","0","1","0","0","0","0","0","1","0","0","1","0","0","0","0","0","0","0","1","0","0","0","0","1","0","0","0","0","0","0","0","0","0","0","0","0","0","1","0","1","0","0","0","0","0","0","0","0","0","0","0","0","1","0","0","1","0","0","1","0","0","0","0","0","1","0","1","0","0","0","0","0","levi","9/5/2026 16:38:38","levi","9/5/2026 16:38:38"
"292","0","肺癌16基因检测报告","","肺癌16基因检测报告","1","0","1","1","1","0","0","0","0","0","0","0","0","0","0","0","0","0","0","0","0","0","1","0","0","0","0","0","1","0","0","0","0","0","0","0","0","0","0","0","0","0","0","0","1","0","0","0","0","0","0","0","0","0","0","0","0","0","0","0","1","0","0","0","0","0","0","0","0","0","0","0","0","1","0","0","1","0","0","1","0","0","0","0","0","1","0","1","0","0","0","0","0","levi","7/5/2026 15:41:06","levi","7/5/2026 15:41:06"
"293","0","肠癌16基因检测报告","","肠癌16基因检测报告","1","0","1","1","1","0","0","0","0","0","0","0","0","0","0","0","0","0","0","0","0","0","1","0","0","0","0","0","1","0","0","0","0","0","0","0","0","0","0","0","0","0","0","0","1","0","0","0","0","0","0","0","0","0","0","0","0","0","1","0","1","0","0","0","0","0","0","0","0","0","0","0","0","1","0","0","1","0","0","1","0","0","0","0","0","1","0","1","0","0","0","0","0","levi","7/5/2026 15:38:40","levi","7/5/2026 15:38:40"
"294","0","肺癌55基因检测报告","","肺癌55基因检测报告","1","0","1","1","1","0","0","0","0","0","0","0","0","0","0","0","0","0","0","0","0","0","1","0","0","0","0","0","1","0","0","0","0","0","0","0","0","0","0","0","0","0","0","0","1","0","0","0","0","0","0","0","0","0","0","0","0","0","0","0","1","0","0","0","0","0","0","0","0","0","0","0","0","1","0","0","1","0","0","1","0","0","0","0","0","1","0","1","0","0","0","0","0","levi","7/5/2026 15:41:09","levi","7/5/2026 15:41:09"
"295","0","肠癌55基因检测报告","","肠癌55基因检测报告","1","0","1","1","1","0","0","0","0","0","0","0","0","0","0","0","0","0","0","0","0","0","1","0","0","0","0","0","1","0","0","1","0","0","0","0","0","0","0","1","0","0","0","0","1","0","0","0","0","0","0","0","0","0","0","0","0","0","1","0","1","0","0","0","0","0","0","0","0","0","0","0","0","1","0","0","1","0","0","1","0","0","0","0","0","1","0","1","0","0","0","0","0","levi","9/5/2026 13:26:31","levi","9/5/2026 13:26:31"
"296","0","肺癌49报告-浙江医院","","肺癌49基因检测报告","1","0","1","1","1","0","0","0","0","0","0","0","0","0","0","0","0","0","0","0","0","0","1","0","0","0","0","0","1","0","0","0","0","0","0","0","0","0","0","0","0","0","0","0","1","0","0","0","0","0","0","0","0","0","0","0","0","0","0","0","1","0","0","0","0","0","0","0","0","0","0","0","0","1","0","0","1","0","0","1","0","0","0","0","0","1","0","1","0","0","0","0","0","levi","16/5/2025 17:33:52","levi","16/5/2025 17:33:55"
"297","0","泛实体瘤188基因报告-单样本-浙江医院","","实体瘤188基因检测报告","1","0","1","1","1","0","0","1","0","0","0","0","0","0","0","0","0","0","0","0","1","0","1","0","0","0","0","0","1","0","0","1","0","0","0","0","0","0","0","1","1","0","0","1","1","0","0","0","0","0","1","0","0","0","0","0","0","1","1","0","1","0","0","0","0","0","0","0","0","0","0","0","0","1","0","0","1","0","0","1","0","0","0","0","0","1","0","1","0","0","0","0","0","levi","18/11/2025 15:17:06","levi","18/11/2025 15:17:06"
"299","0","NOVO泛癌种1238报告-浙江医院","","实体瘤1238基因检测报告","1","0","1","1","1","0","0","1","0","0","0","0","0","1","0","1","0","0","0","0","1","0","0","0","1","1","0","0","1","1","1","1","1","1","1","0","0","0","0","1","1","0","0","1","0","1","1","0","0","1","1","1","1","1","0","0","1","1","1","0","1","0","0","0","0","1","0","0","0","0","0","0","0","1","1","0","1","1","0","1","0","0","1","1","0","1","0","1","0","0","1","0","0","levi","18/11/2025 15:16:28","levi","18/11/2025 15:16:28"
"300","0","消化道肿瘤50基因报告-双样本-浙江医院","","消化道肿瘤50基因检测报告","1","0","1","1","1","0","0","0","0","0","0","0","0","0","0","0","0","0","0","0","0","0","0","0","1","1","0","0","1","0","0","1","1","0","0","0","0","0","0","1","0","0","0","0","0","1","1","0","0","0","1","1","0","0","0","0","0","0","1","0","1","0","0","0","0","0","0","0","0","0","0","0","0","1","0","0","1","0","0","1","0","0","0","0","0","1","0","1","0","0","0","0","0","levi","16/3/2025 23:46:37","levi","16/3/2025 23:46:47"
"301","0","泛实体瘤188基因+HRDscore报告-浙江医院","","实体瘤188基因+同源重组修复缺陷评分（HRD score）检测报告","1","0","1","1","1","0","0","1","1","1","1","0","0","1","0","0","0","0","0","0","1","0","0","0","1","1","0","0","1","1","0","1","1","0","0","0","0","0","0","1","1","0","1","1","0","1","1","0","0","0","1","1","0","0","0","0","1","1","1","0","1","0","0","0","0","0","0","1","1","0","0","1","1","1","0","0","1","0","0","1","0","0","0","0","0","1","0","1","0","0","0","0","0","levi","18/11/2025 15:16:42","levi","18/11/2025 15:16:42"
"302","0","泛实体瘤188基因+HRD检测报告-浙江省人民医院","","人肿瘤HRD基因检测（测序版）检测报告单","1","0","1","1","1","0","0","1","1","1","1","0","0","1","0","0","0","0","0","0","1","0","0","0","1","1","0","0","1","1","0","1","1","0","0","0","0","0","0","1","1","0","1","1","0","1","1","0","0","0","1","1","0","0","0","0","1","1","1","0","1","0","0","0","0","0","0","1","1","0","0","1","1","1","0","0","1","0","0","1","0","0","0","0","0","1","0","1","0","0","0","0","0","levi","24/4/2026 16:02:30","levi","24/4/2026 16:02:30"
"303","0","泛实体瘤299基因+HRD检测报告-浙江省人民医院","","人肿瘤HRD基因检测（测序版）检测报告单","1","0","1","1","1","0","0","1","1","1","1","0","0","1","0","0","0","0","0","0","1","0","0","0","1","1","0","0","1","1","0","1","1","0","0","0","0","0","0","1","1","0","1","1","0","1","1","0","0","0","1","1","0","0","0","0","1","1","1","0","1","0","0","0","0","0","0","1","1","0","0","1","1","1","0","0","1","0","0","1","0","0","0","0","0","1","0","1","0","0","0","0","0","levi","23/4/2026 10:17:37","levi","23/4/2026 10:17:37"
"304","0","泌尿系统肿瘤99基因报告-浙江医院","","泌尿系统肿瘤99基因检测报告","1","0","1","1","1","0","0","0","0","0","0","0","0","0","0","0","0","0","0","0","0","0","0","0","1","1","0","0","1","1","0","1","1","1","1","0","0","0","0","1","0","0","0","0","0","1","1","0","0","0","1","1","1","1","0","0","1","0","1","0","1","0","0","0","0","0","0","0","0","0","0","0","0","1","0","0","1","0","0","1","0","0","0","0","0","0","0","1","0","0","0","0","0","levi","16/3/2025 23:42:50","levi","16/3/2025 23:42:55"
"305","0","泛实体瘤188基因报告-单样本-兰卫","","实体瘤188基因检测报告","1","0","1","1","1","0","0","1","0","0","0","0","0","0","0","0","0","0","0","0","1","0","1","0","0","0","0","0","1","0","0","1","0","0","0","0","0","0","0","1","1","0","0","1","1","0","0","0","0","0","1","0","0","0","0","0","0","1","1","0","1","0","0","0","0","0","0","0","0","0","0","0","0","1","0","0","1","0","0","1","0","0","0","0","0","1","0","1","0","0","0","0","0","levi","18/11/2025 15:17:06","levi","18/11/2025 15:17:06"
"306","0","泛实体瘤188基因报告-浙江医院","","实体瘤188基因检测报告","1","0","1","1","1","0","0","1","0","0","0","0","0","1","0","1","0","0","0","0","1","0","0","0","1","1","0","0","1","1","0","1","1","0","0","0","0","0","0","1","1","0","0","1","0","1","1","0","0","0","1","1","0","0","0","0","1","1","1","0","1","0","0","0","0","1","0","0","0","0","0","0","0","1","1","0","1","1","0","1","0","0","1","1","0","1","0","1","0","0","1","0","0","levi","18/11/2025 15:16:25","levi","18/11/2025 15:16:25"
"307","0","BRCA12基因分子分型研究_胚系-博奥","","DNA损伤修复45基因检测报告","1","0","1","1","1","0","0","0","0","0","0","0","0","0","0","0","0","0","0","0","0","0","0","1","0","0","0","0","1","0","0","0","0","0","0","0","0","0","0","0","0","0","0","0","1","0","0","0","0","0","0","0","0","0","0","0","0","0","0","0","1","0","0","0","0","0","0","0","1","1","1","0","0","0","0","0","1","0","0","1","0","0","0","0","0","1","0","1","0","0","0","0","0","levi","16/5/2025 17:35:08","levi","16/5/2025 17:35:10"
"308","0","BRCA12基因分子分型研究_胚系-博奥","","中国人群BRCA1/2基因分子分型研究检测报告","1","0","1","1","0","0","0","0","0","0","0","0","0","0","0","0","0","0","0","0","0","0","0","1","0","0","0","0","0","0","0","0","0","0","0","0","0","0","0","0","0","0","0","0","1","0","0","0","0","0","0","0","0","0","0","0","0","0","0","0","1","0","0","0","0","0","0","0","1","0","1","0","0","0","0","0","0","0","0","1","0","0","0","0","0","1","0","1","0","0","0","0","0","levi","13/6/2025 16:04:24","levi","13/6/2025 16:04:24"
